,ftype,K,d,c1,c2,c3,c4,c5,e11,e12,e21,e22,e31,e32,e41,e42,e51,e52,a1,lb1,ub1,lb2,ub2,rms_err,max_err
0,SMA,5,2,79.3748604042,0.0321965434786,3.97675190695e-07,1.27768843649e-07,0.417721025895,5.07590852479,39.2985471036,0.158821447301,35.1873381171,-4.33129303821,51.3290523074,-4.52742588212,6.61726712886,1.76327371386,5.17943984734,5.12352403789,0.0440961654561,0.301568599067,0.75,0.99,0.0118180827111,0.0317602123647
