,ftype,K,d,c1,c2,c3,c4,c5,e11,e12,e21,e22,e31,e32,e41,e42,e51,e52,a1,lb1,ub1,lb2,ub2,rms_err,max_err
0,SMA,5,2,0.0500430235702,0.0399316735179,1.52827960513e-05,0.879964676075,5.72710096895,-0.245148894024,-0.441596667773,0.713305038296,24.5321296566,-1.9908747714,35.2590968889,-0.00197941394012,0.104779358337,5.16677776168,1.20231192388,0.0595842074871,0.0440961654561,0.301568599067,0.75,0.99,0.00797622198733,0.0163463119718
