,ftype,K,d,c1,c2,c3,c4,e11,e12,e21,e22,e31,e32,e41,e42,a1,lb1,ub1,lb2,ub2,rms_err,max_err
0,SMA,4,2,0.00181448624339,0.50901134333,0.398068544421,0.481521435878,0.331534729617,34.4934211926,0.00146022343207,0.11370101288,4.3869396358,3.75660002549,-0.00749054528533,-0.102946472676,0.00646390916409,0.0440961654561,0.301568599067,0.75,0.99,0.0105307691109,0.0286119107103
