,ftype,K,d,c1,c2,c3,c4,c5,e11,e12,e21,e22,e31,e32,e41,e42,e51,e52,a1,lb1,ub1,lb2,ub2,rms_err,max_err
0,SMA,5,2,0.000332906015541,0.150688306253,0.590898851988,58.5249422688,0.21794787113,-1.59046904914,34.1548108161,0.568656042289,7.21829356605,-0.152559349303,0.158874031031,5.91091488169,1.88089695554,1.26772561707,48.1656301672,0.314189919312,0.0440961654561,0.301568599067,0.75,0.99,0.0077299357049,0.0152017901226
