,ftype,K,d,c1,c2,c3,c4,c5,e11,e12,e21,e22,e31,e32,e41,e42,e51,e52,a1,lb1,ub1,lb2,ub2,rms_err,max_err
0,SMA,5,2,9.11103765409e-08,1.27308363414e-08,0.0266713792478,87.7005753177,0.76578768254,-4.7556137705,53.3303606189,-5.14562320507,7.57515681863,0.310081335981,37.3712825447,5.12014328349,40.6708410856,2.33156442803,5.77849962715,5.65533387283,0.0440961654561,0.301568599067,0.75,0.99,0.0121588598686,0.0341257179569
