,ftype,K,d,c1,c2,c3,c4,c5,e11,e12,e21,e22,e31,e32,e41,e42,e51,e52,a1,lb1,ub1,lb2,ub2,rms_err,max_err
0,SMA,5,2,4.34862440949e-12,8187.87269774,6.55287309805e-16,6929.27659423,11755.9912108,-6.92074041904,56.9297577233,8.04149642099,23.6794795585,-9.30070099163,12.2378068201,6.85190060371,242.225168136,8.93699148413,6.31583057798,7.47807542685,0.0440961654561,0.301568599067,0.75,0.99,0.0444307228794,0.114837862092
