,ftype,K,d,c1,c2,c3,c4,e11,e12,e21,e22,e31,e32,e41,e42,a1,lb1,ub1,lb2,ub2,rms_err,max_err
0,SMA,4,2,1.24994509272e-12,4733.7359231,1.55472710798e-14,112221.698725,-6.89660111925,53.5357069946,7.73734424056,35.9165296032,-7.86280583403,10.0556209526,10.0343947603,5.77623321492,6.05925096947,0.0440961654561,0.226015552419,0.75,0.99,0.0488938743353,0.138274187735
