,ftype,K,d,c1,c2,c3,c4,c5,e11,e12,e21,e22,e31,e32,e41,e42,e51,e52,a1,lb1,ub1,lb2,ub2,rms_err,max_err
0,SMA,5,2,16.7101251177,0.0686791655632,0.0988924668365,0.828403717283,0.00207986801064,5.73299530708,0.941471444125,-0.410520846864,-0.1629500787,0.904348078903,25.3697961883,0.0397581069017,0.189914436144,-0.705095429087,22.4183830733,0.128642713231,0.0440961654561,0.301568599067,0.75,0.99,0.00876747771129,0.0174341557128
