,ftype,K,d,c1,c2,c3,c4,c5,e11,e12,e21,e22,e31,e32,e41,e42,e51,e52,a1,lb1,ub1,lb2,ub2,rms_err,max_err
0,SMA,5,2,11074.8758078,66666.4573673,2.44004127093e-13,13022.8699416,3.99681525094e-15,8.86046718341,21.0869563656,10.4577155663,4.66321494562,-7.23223822664,50.2665148502,7.27150974974,361.704810894,-8.02911140242,10.1847087735,5.95899911001,0.0440961654561,0.22064851472,0.75,0.99,0.0473770502334,0.109365444693
