,ftype,K,d,c1,c2,c3,c4,c5,e11,e12,e21,e22,e31,e32,e41,e42,e51,e52,a1,lb1,ub1,lb2,ub2,rms_err,max_err
0,SMA,5,2,0.0323174405471,4.72195293389,1.92329353752e-05,0.0893875422698,0.856135562726,0.814191423258,27.4987054626,5.19995422962,1.1066947952,-1.86871085374,32.0546610775,0.194652719434,1.00623146937,-0.0320966674077,-0.0107840452651,0.0470118229022,0.0440961654561,0.301568599067,0.75,0.99,0.00775480213949,0.0164444103322
