,ftype,K,d,c1,c2,c3,c4,e11,e12,e21,e22,e31,e32,e41,e42,a1,lb1,ub1,lb2,ub2,rms_err,max_err
0,SMA,4,2,341.562931895,0.0605406804542,0.0793873428405,0.894432914906,8.33801198109,9.62331764243,0.216565104429,25.1104494204,-0.537213471177,0.189744082688,0.16402463577,0.179195344105,0.177877357597,0.0440961654561,0.301568599067,0.75,0.99,0.0114788046624,0.0287983912247
