,ftype,K,d,c1,c2,c3,c4,c5,e11,e12,e21,e22,e31,e32,e41,e42,e51,e52,a1,lb1,ub1,lb2,ub2,rms_err,max_err
0,SMA,5,2,3599.91249001,8216.37300844,3305.32042977,1.06063065895e-14,5.33584341667e-11,7.3677435168,22.4520686486,6.34997012062,310.0309572,7.97539659248,6.08620267631,-8.64442931496,11.6757674251,-6.28867117542,55.6907984134,7.08583304677,0.0440961654561,0.301568599067,0.75,0.99,0.0377276413448,0.0940025778553
