,ftype,K,d,c1,c2,c3,c4,c5,e11,e12,e21,e22,e31,e32,e41,e42,e51,e52,a1,lb1,ub1,lb2,ub2,rms_err,max_err
0,SMA,5,2,0.00150991321678,0.455086125955,0.00198673321489,1.22918882986e-05,5.2591287654,-1.47219874892,18.6415645785,1.03944567296,3.18058985625,-2.12672820674,264.893256136,-3.2495795281,3.54639801538,2.55465264698,33.9968762283,3.27095353976,0.0440961654561,0.301568599067,0.75,0.99,0.0122292447059,0.0278128492975
