,ftype,K,d,c1,c2,c3,c4,c5,e11,e12,e21,e22,e31,e32,e41,e42,e51,e52,a1,lb1,ub1,lb2,ub2,rms_err,max_err
0,SMA,5,2,170.318326542,16.3041877743,1.59154665711e-07,29.9962545862,9.02058479444e-11,4.99272533144,56.3973133763,4.53981604762,3.99269434774,-4.23979949657,49.8256303417,4.38575300774,14.0632336705,-6.41518687535,8.94004733089,5.83950827365,0.0440961654561,0.301568599067,0.75,0.99,0.0204606459551,0.0557230737003
