,ftype,K,d,c1,c2,c3,c4,c5,e11,e12,e21,e22,e31,e32,e41,e42,e51,e52,a1,lb1,ub1,lb2,ub2,rms_err,max_err
0,SMA,5,2,165776.808537,8.05635850243e-06,3.06011214946e-17,4.98974000302e-15,14986.2476683,10.502896785,6.86076976782,-6.80022614542,1627.61934953,-9.66285135418,9.80176417259,-8.42550271108,27.4431911661,8.38367603736,40.6219992323,7.47649824301,0.0440961654561,0.267423481025,0.75,0.99,0.0498097288055,0.125192310294
