ub0,ub1,rms_err,e31,e30,e11,e10,ftype,lb1,lb0,K,a1,c3,c2,c1,c0,e21,e20,d,e00,e01,max_err
0.23714444549243396,0.98999999999999999,0.049471370340458759,1.3376365976074904,-0.24151619007471098,27.845583671591399,0.25488974027368816,MA,0.75,0.064773577481849989,4,1,0.074177496541745117,0.97840211157643764,0.92964670770708957,1.2375560221113666,5.4438225816468933,0.43032188224342977,2,0.68948772983932793,2.7536289147931439,0.1153830043602484
