,ftype,K,d,c1,c2,c3,c4,c5,e11,e12,e21,e22,e31,e32,e41,e42,e51,e52,a1,lb1,ub1,lb2,ub2,rms_err,max_err
0,SMA,5,2,0.0578943518229,0.669783752292,0.0230934346932,6.8586106457,0.00312513216214,-0.220745736744,62.9429830856,0.462370435791,1.04624778266,-0.66208869651,9.03834377744,3.06164716818,22.3058341273,-1.60650663502,0.847940735849,1.25222122346,0.0440961654561,0.301568599067,0.75,0.99,0.0119281694538,0.0261458913406
