,ftype,K,d,c1,c2,c3,c4,c5,e11,e12,e21,e22,e31,e32,e41,e42,e51,e52,a1,lb1,ub1,lb2,ub2,rms_err,max_err
0,SMA,5,2,1.48313644177e-12,4.04147678206e-09,817.515555206,497.132525197,247.601930343,-7.44408889328,10.3423360028,-5.19105825048,52.5626603452,5.70552434584,146.087981434,5.95475489555,21.6234182131,6.12775314996,5.53097682398,6.39820874959,0.0440961654561,0.301568599067,0.75,0.99,0.0273936227669,0.0751859700651
