,ftype,K,d,c1,c2,c3,c4,c5,e11,e12,e21,e22,e31,e32,e41,e42,e51,e52,a1,lb1,ub1,lb2,ub2,rms_err,max_err
0,SMA,5,2,0.568364793506,0.000198263372479,4.77902464143,0.515315796006,0.00431339417959,-1.03604926047,517.80864712,-2.43322413555,1.98964850171,2.45644343149,29.7828231926,0.699496368435,2.14120371633,-1.24151030725,13.7873293838,2.26620304584,0.0440961654561,0.301568599067,0.75,0.99,0.0122409476407,0.0265411590801
