,ftype,K,d,c1,c2,c3,c4,c5,e11,e12,e21,e22,e31,e32,e41,e42,e51,e52,a1,lb1,ub1,lb2,ub2,rms_err,max_err
0,SMA,5,2,4.28670403378e-09,8.73491494121e-14,5055.94853387,112912.093451,1.78795508825e-15,-7.18200411101,1023.86301414,-7.35439501915,22.9423785501,7.93010607062,39.3104014357,10.2203860259,6.13783206988,-8.19130794523,7.54448839442,6.10858256925,0.0440961654561,0.226015552419,0.75,0.99,0.0495181936575,0.139598079556
