,ftype,K,d,c1,c2,c3,c4,c5,e11,e12,e21,e22,e31,e32,e41,e42,e51,e52,a1,lb1,ub1,lb2,ub2,rms_err,max_err
0,SMA,5,2,0.0862326546983,0.823124030448,28.066958025,0.0156248471084,0.0802253350671,0.16151802151,-0.972831602244,0.0435574999607,0.192679377633,7.19015214881,5.61375598623,0.305231216029,33.6562108058,-0.32632312492,-0.121316210389,0.0449450901181,0.0440961654561,0.301568599067,0.75,0.99,0.010426379879,0.0251384929807
