,ftype,K,d,c1,c2,c3,c4,c5,e11,e12,e21,e22,e31,e32,e41,e42,e51,e52,a1,lb1,ub1,lb2,ub2,rms_err,max_err
0,SMA,5,2,2.32050582034e-08,1.6727215644e-09,0.0201165439596,1.7685479633,110.393775127,-5.12894410348,53.879078444,-5.68168124208,8.33146716204,0.409808304416,39.2133044319,2.94820503978,6.22588155503,5.17288232136,42.1809529936,6.00738473113,0.0440961654561,0.301568599067,0.75,0.99,0.0131932912094,0.0361061263833
