,ftype,K,d,c1,c2,c3,c4,e11,e12,e21,e22,e31,e32,e41,e42,a1,lb1,ub1,lb2,ub2,rms_err,max_err
0,SMA,4,2,0.516077566173,0.439194562656,0.00405403973667,2.76387404448,-0.0213137870497,-0.179378176991,-0.00480439000446,0.295961054084,-0.0558521875525,34.0493542594,4.66084232658,5.85146741847,0.0300788770542,0.0440961654561,0.301568599067,0.75,0.99,0.0116098693819,0.0278674519985
