,ftype,K,d,c1,c2,c3,c4,e11,e12,e21,e22,e31,e32,e41,e42,a1,lb1,ub1,lb2,ub2,rms_err,max_err
0,SMA,4,2,2.78603291408,0.403054598484,0.00744097794158,0.548106341402,4.63657262305,4.76525730042,-0.0229769324964,-0.250838596009,0.227800358176,35.1611129397,-0.00969810204852,0.257936073215,0.0333693110567,0.0440961654561,0.301568599067,0.75,0.99,0.0112399544593,0.0284961707111
