ub0,ub1,rms_err,e31,e30,e11,e10,ftype,c4,lb1,lb0,K,a1,c3,c2,c1,c0,e21,e40,e41,e20,d,e00,e01,max_err
0.24882131971054386,0.98999999999999999,0.04725100402191492,3.2641427944170367,0.85723485594927507,1.1991945578860135,-0.33623671237072256,MA,1.5695642889253807,0.75,0.064773577481849989,5,1,1.7670849738938614,2.2060104683451396,0.052813331525328452,1.1399304012971101,1.6068155944137257,0.71925073715451615,5.3357678389296197,1.1210221912423219,2,0.45270621804496031,14.16121468489685,0.13357373436592912
