,ftype,K,d,c1,c2,c3,c4,c5,e11,e12,e21,e22,e31,e32,e41,e42,e51,e52,a1,lb1,ub1,lb2,ub2,rms_err,max_err
0,SMA,5,2,7.19546749158e-07,74.8652540476,6.35972362371e-10,9.35647837938,5.44997794216,-3.85739855622,48.6105410818,4.48726654658,56.5656658559,-5.91427676241,8.22551271599,3.6476029621,13.3018074363,3.79925984236,3.69064027988,5.55613048981,0.0440961654561,0.301568599067,0.75,0.99,0.0177385334741,0.0447789865347
