ub0,ub1,rms_err,e31,e30,e11,e10,ftype,c4,lb1,lb0,K,a1,c3,c2,c1,c0,e21,e40,e41,e20,d,e00,e01,max_err
0.2610731573912069,0.98999999999999999,0.023228428047858893,11.256972765364646,2.3814781476978464,2.5595639891894209,3.9303580896121426,SMA,3.2400721545619883e-06,0.75,0.064773577481849989,5,2.3945320888388273,1.3424885844958339,0.00052070152735487032,12.686054572829569,3.4750023488356887,1.6294833549020413,-3.0220854700780775,33.518307466192496,-1.3981192059305576,2,2.994391363316224,52.878680732037509,0.059914843895323866
