,ftype,K,d,c1,c2,c3,c4,c5,e11,e12,e21,e22,e31,e32,e41,e42,e51,e52,a1,lb1,ub1,lb2,ub2,rms_err,max_err
0,SMA,5,2,1.31194408695e-13,1487.23361462,860.591686245,8273144.95846,4.78510059451e-10,-8.03834459318,11.0117185741,6.70513729764,21.2348803608,7.04072601134,5.66687356559,5.9722547252,1033.34130901,-5.73313297098,53.5489762873,6.73703177513,0.0440961654561,0.301568599067,0.75,0.99,0.0320925522056,0.0850512673838
