,ftype,K,d,c1,c2,c3,c4,c5,e11,e12,e21,e22,e31,e32,e41,e42,e51,e52,a1,lb1,ub1,lb2,ub2,rms_err,max_err
0,SMA,5,2,0.973156639692,1.29622842808e-05,0.00986827523442,2.13405334688,0.0116927583049,-0.00771098305896,0.0066098648021,-1.64797617816,32.4661317438,0.977659696345,37.3367644085,5.47948694025,1.07206754812,0.595705427583,4.80574827602,0.0153828856816,0.0440961654561,0.301568599067,0.75,0.99,0.00761547865348,0.0161400629377
