,ftype,K,d,c1,c2,c3,c4,c5,e11,e12,e21,e22,e31,e32,e41,e42,e51,e52,a1,lb1,ub1,lb2,ub2,rms_err,max_err
0,SMA,5,2,1.1154692229e-06,100.241104487,2.61278021868e-09,4.20984643865,1.06616117048,-3.81006031122,50.4054648829,4.95071840057,49.359324983,-5.55158796819,7.84628760973,3.20766906386,5.58508125293,2.41163408323,28.8111369417,5.44855305577,0.0440961654561,0.301568599067,0.75,0.99,0.0154775442775,0.03628774372
