,ftype,K,d,c1,c2,c3,c4,c5,e11,e12,e21,e22,e31,e32,e41,e42,e51,e52,a1,lb1,ub1,lb2,ub2,rms_err,max_err
0,SMA,5,2,0.437145644145,0.035141989587,0.264797005957,39.9586288868,0.254354631756,0.142538023513,-0.305683928102,0.341834113231,35.924739868,-0.237543139499,0.0624337425892,6.6592569841,2.85571038665,0.165102626787,1.29971738441,0.107885479712,0.0440961654561,0.301568599067,0.75,0.99,0.00953025589293,0.0235998778715
