,ftype,K,d,c1,c2,c3,c4,c5,e11,e12,e21,e22,e31,e32,e41,e42,e51,e52,a1,lb1,ub1,lb2,ub2,rms_err,max_err
0,SMA,5,2,115.947169175,41.9708893928,350.097296227,1.25890894809e-11,2.90446132361e-08,5.18495111064,13.713532635,5.31481466651,3.70228476178,5.42080523279,58.2940219038,-6.91249799307,9.60465475987,-4.68076674135,51.1841893111,6.09882609975,0.0440961654561,0.301568599067,0.75,0.99,0.023661996364,0.0661267241699
