,ftype,K,d,c1,c2,c3,c4,c5,e11,e12,e21,e22,e31,e32,e41,e42,e51,e52,a1,lb1,ub1,lb2,ub2,rms_err,max_err
0,SMA,5,2,101054.061894,1.20702682419e-14,2.09729458918e-06,12176.4780981,5.7328266794e-17,10.1056694458,7.16816203998,-8.29260017122,29.6492838031,-6.62106275407,1405.96321187,8.1303824451,41.6910384484,-9.61956837454,10.1506817853,7.50832122853,0.0440961654561,0.273928269449,0.75,0.99,0.0471852187059,0.119540703347
