,ftype,K,d,c1,c2,c3,c4,c5,e11,e12,e21,e22,e31,e32,e41,e42,e51,e52,a1,lb1,ub1,lb2,ub2,rms_err,max_err
0,SMA,5,2,49072.375949,9681.52753902,2.32021726947e-14,5.23693264967e-07,7.65881269882e-17,9.63314395323,7.66040432792,7.91153671736,43.1811279673,-8.20673817414,30.66081802,-6.56709678163,1219.51278395,-9.65277251756,10.4097588121,7.59687374885,0.0440961654561,0.287416360812,0.75,0.99,0.0469303717611,0.128476300483
