,ftype,K,d,c1,c2,c3,c4,c5,e11,e12,e21,e22,e31,e32,e41,e42,e51,e52,a1,lb1,ub1,lb2,ub2,rms_err,max_err
0,SMA,5,2,0.107076963143,0.420308888305,0.463954000533,0.00951082469638,11.6168111477,-0.217585377245,-0.106561881891,0.0184371582395,0.329156125334,0.0566237674326,-0.189124075953,0.381664897731,34.1291324232,6.89173942814,3.47177141432,0.0243807771205,0.0440961654561,0.301568599067,0.75,0.99,0.00984047411404,0.0241580049504
