,ftype,K,d,c1,c2,c3,c4,e11,e12,e21,e22,e31,e32,e41,e42,a1,lb1,ub1,lb2,ub2,rms_err,max_err
0,SMA,4,2,3.7489522372,0.485421596802,0.0126212415788,0.442368683828,4.56315690015,4.30566116392,-0.0138516406684,0.369394143598,0.299248479401,36.7865924468,-0.0329835271518,-0.266708437949,0.0505689804709,0.0440961654561,0.301568599067,0.75,0.99,0.010947132289,0.0296120003822
