,ftype,K,d,c1,c2,c3,c4,c5,e11,e12,e21,e22,e31,e32,e41,e42,e51,e52,a1,lb1,ub1,lb2,ub2,rms_err,max_err
0,SMA,5,2,127838.323887,2.54256130055e-13,5.26225836004e-15,1.59533488902e-06,5837.52578618,9.9333809642,5.58405333759,-7.24247159731,23.363182872,-8.18555659925,8.13853512,-6.19611155806,1246.85634239,7.64163478458,34.9804667489,6.24580922153,0.0440961654561,0.231513137534,0.75,0.99,0.0482226231026,0.150321601573
