,ftype,K,d,c1,c2,c3,c4,c5,e11,e12,e21,e22,e31,e32,e41,e42,e51,e52,a1,lb1,ub1,lb2,ub2,rms_err,max_err
0,SMA,5,2,183994.395123,12487.2632033,1.07883008101e-16,1.21093920738e-14,5.04479481831e-07,10.5053821474,6.33168686336,8.29155804197,38.0229400431,-9.24076941406,9.20224835064,-8.10102341588,25.6334734153,-6.73094117541,1334.97788939,7.10370981913,0.0440961654561,0.254873630576,0.75,0.99,0.0498475881605,0.145543598393
