,ftype,K,d,c1,c2,c3,c4,c5,e11,e12,e21,e22,e31,e32,e41,e42,e51,e52,a1,lb1,ub1,lb2,ub2,rms_err,max_err
0,SMA,5,2,4.74524189944e-12,127644.430135,2.45399510347e-15,5166.20701334,1.23611896966e-13,-6.54108840218,82.6492423629,9.98491373697,5.62778706424,-8.17988805755,6.33991418024,7.65503346747,35.3369401568,-7.37343494374,17.6941541322,6.11592078967,0.0440961654561,0.226015552419,0.75,0.99,0.0475391791244,0.134860709281
