,ftype,K,d,c1,c2,c3,c4,c5,e11,e12,e21,e22,e31,e32,e41,e42,e51,e52,a1,lb1,ub1,lb2,ub2,rms_err,max_err
0,SMA,5,2,0.0221785669904,5.65794684389,5.53879238693e-05,0.917129624722,0.039818534433,-0.420825736192,-0.320058689323,5.25656918066,1.00665557812,-1.54682572963,30.368541376,0.00284900851215,0.0793466530088,0.670321587066,22.844735225,0.0596174005176,0.0440961654561,0.301568599067,0.75,0.99,0.00848408821021,0.0171042357087
