,ftype,K,d,c1,c2,c3,c4,c5,e11,e12,e21,e22,e31,e32,e41,e42,e51,e52,a1,lb1,ub1,lb2,ub2,rms_err,max_err
0,SMA,5,2,89360.6459094,2.10760558956e-13,4225.05444958,2.68840634936e-14,2.69344259565e-16,10.2274293149,6.37533311759,-7.3266651932,72.2486153461,7.93747407327,41.9051030326,-7.59146481027,16.8848621229,-8.46330213912,5.3740004969,6.05480536469,0.0440961654561,0.226015552419,0.75,0.99,0.0499812397011,0.138468828557
