,ftype,K,d,c1,c2,c3,c4,c5,e11,e12,e21,e22,e31,e32,e41,e42,e51,e52,a1,lb1,ub1,lb2,ub2,rms_err,max_err
0,SMA,5,2,0.0151284173717,1.36568226621e-05,0.0338771016892,4.49813501396,0.92695892041,-0.403966828175,-0.485485444515,-1.95734526081,34.7384772814,0.667838297997,23.2950265353,5.11045174947,1.10898270471,-0.00447964705994,0.0685780271403,0.0511165148851,0.0440961654561,0.301568599067,0.75,0.99,0.00822796571793,0.0169725549017
