ub0,ub1,rms_err,e31,e30,e11,e10,ftype,c4,lb1,lb0,K,a1,c3,c2,c1,c0,e21,e40,e41,e20,d,e00,e01,max_err
0.2610731573912069,0.98999999999999999,0.024202957537456091,114.39391672129399,-22.353247046255497,94.153993607247372,13.747141592803633,SMA,1.9267208948630317,0.75,0.064773577481849989,5,35.268950887286358,1.0149793560109619e-45,5.6526982929714747e-05,4.2725329900054865e-09,2.1470733889786714e-39,42.808416621973983,19.327208349507359,673.15200430667312,26.535850132367926,2,-14.334393884646575,26.791591200641736,0.07106095443929572
