,ftype,K,d,c1,c2,c3,c4,c5,e11,e12,e21,e22,e31,e32,e41,e42,e51,e52,a1,lb1,ub1,lb2,ub2,rms_err,max_err
0,SMA,5,2,3523050.73592,1.35130626124e-13,1476.67958104,854.138077924,4.89891245705e-10,5.96456222987,949.452152278,-8.03050320007,10.9994758574,6.69862357623,21.2240431624,7.03301726518,5.66033358157,-5.72662639642,53.5130210865,6.72961457317,0.0440961654561,0.301568599067,0.75,0.99,0.032092550321,0.0850491313835
