,ftype,K,d,c1,c2,c3,c4,c5,e11,e12,e21,e22,e31,e32,e41,e42,e51,e52,a1,lb1,ub1,lb2,ub2,rms_err,max_err
0,MA,5,2,6.7324990149,0.00517840943228,0.0252927304762,0.117828474985,5.42026039213,1.58535923439,1.02892532036,-1.35752184055,1.8292920335,-0.89589425638,7.15957837155,-0.164936273126,1.69092009328,1.35862099069,3.8925552668,1,0.0440961654561,0.231513137534,0.75,0.99,0.0479712778142,0.139411340528
