,ftype,K,d,c1,c2,c3,c4,c5,e11,e12,e21,e22,e31,e32,e41,e42,e51,e52,a1,lb1,ub1,lb2,ub2,rms_err,max_err
0,SMA,5,2,4.77864712162,0.515307842869,0.00019825386258,0.00431425537485,1.38450415906,2.45635539807,29.7843897674,0.699514649194,2.14124740571,-2.43324679848,1.98981768729,-1.24141345769,13.7878261353,-1.03635752462,606.476964791,2.26625998182,0.0440961654561,0.301568599067,0.75,0.99,0.0122409475549,0.0265407815424
