ub0,ub1,rms_err,e31,e30,e11,e10,ftype,c4,lb1,lb0,K,a1,c3,c2,c1,c0,e21,e40,e41,e20,d,e00,e01,max_err
0.2610731573912069,0.98999999999999999,0.045382071903332953,-0.18998462027113514,0.03573825261174822,-0.16309108609120598,0.032877975613385783,SMA,0.20812726602489268,0.75,0.064773577481849989,5,0.12156337366294416,0.24556894186251554,0.23983586505939727,0.23014910986607282,0.0082034542009657031,-0.19056023979679151,-0.12780632070602069,1.7400339216351299,0.034967601307202348,2,-0.99874027300334145,229.34924300971983,0.16019719537083676
