,ftype,K,d,c1,c2,c3,c4,e11,e12,e21,e22,e31,e32,e41,e42,a1,lb1,ub1,lb2,ub2,rms_err,max_err
0,SMA,4,2,0.505273356782,0.00181316463147,0.397799474123,0.485265983718,0.00149485198852,0.114484415275,0.331526916815,34.4943345158,4.38694882379,3.75658050991,-0.00745346177846,-0.102101895307,0.00645946291088,0.0440961654561,0.301568599067,0.75,0.99,0.0105307689028,0.0286118593776
