,ftype,K,d,c1,c2,c3,c4,c5,e11,e12,e21,e22,e31,e32,e41,e42,e51,e52,a1,lb1,ub1,lb2,ub2,rms_err,max_err
0,SMA,5,2,0.0122013167707,8.89361928024,0.271074410311,0.186577820564,0.527074784691,0.389533532124,34.7092497028,6.34840980569,2.43400021526,0.071150017304,0.558847763262,-0.177233947522,0.0125399864612,0.0471952649826,-0.177010646415,0.0323653093444,0.0440961654561,0.301568599067,0.75,0.99,0.00946038876603,0.0235349759218
