,ftype,K,d,c1,c2,c3,c4,c5,e11,e12,e21,e22,e31,e32,e41,e42,e51,e52,a1,lb1,ub1,lb2,ub2,rms_err,max_err
0,SMA,5,2,9.11194518431e-08,1.27311013032e-08,0.76578842775,87.7042922772,0.0266738568294,-4.75558156345,53.3302333725,-5.14561747251,7.57514714787,2.33156206512,5.7784897657,5.12017886791,40.6708768543,0.310123045767,37.371180088,5.65532631399,0.0440961654561,0.301568599067,0.75,0.99,0.0121588597656,0.0341257098687
