,ftype,K,d,c1,c2,c3,c4,c5,e11,e12,e21,e22,e31,e32,e41,e42,e51,e52,a1,lb1,ub1,lb2,ub2,rms_err,max_err
0,SMA,5,2,0.0893137667881,0.856255477639,4.71796646268,0.0322902030672,1.92163456769e-05,0.194682145355,1.00625788818,-0.0320683611128,-0.0107724683259,5.19994819911,1.10661759439,0.814192138225,27.4987583886,-1.86870858127,32.0545581707,0.0469712483069,0.0440961654561,0.301568599067,0.75,0.99,0.00775479771769,0.0164443240918
