,ftype,K,d,c1,c2,c3,c4,c5,e11,e12,e21,e22,e31,e32,e41,e42,e51,e52,a1,lb1,ub1,lb2,ub2,rms_err,max_err
0,SMA,5,2,0.0322396770591,0.417723018029,79.446972059,3.98243037916e-07,1.27790492127e-07,0.159434578919,35.1883436891,1.76325267088,5.17940690538,5.07671680966,39.297924354,-4.33082613763,51.3242503269,-4.52737625918,6.61721264316,5.12347377507,0.0440961654561,0.301568599067,0.75,0.99,0.0118180817589,0.0317605044516
