,ftype,K,d,c1,c2,c3,c4,c5,e11,e12,e21,e22,e31,e32,e41,e42,e51,e52,a1,lb1,ub1,lb2,ub2,rms_err,max_err
0,SMA,5,2,0.0500189771286,1.52637865455e-05,0.880069827161,5.72045188768,0.0398858516794,-0.245072876099,-0.441558713456,-1.99088552441,35.2593333424,-0.00197208704259,0.104665348716,5.16676812056,1.20219619886,0.713308821926,24.5319366269,0.0595129140918,0.0440961654561,0.301568599067,0.75,0.99,0.00797621301817,0.0163461135301
