,ftype,K,d,c1,c2,c3,c4,e11,e12,e21,e22,e31,e32,e41,e42,a1,lb1,ub1,lb2,ub2,rms_err,max_err
0,SMA,4,2,0.00176282002721,0.537108549453,0.443628838442,1.19097540721,-0.0488342828582,34.0175545936,-0.0107236857483,-0.12352261402,8.81841807264e-05,0.186367585399,4.66146968769,5.81572858439,0.0127866938033,0.0440961654561,0.301568599067,0.75,0.99,0.0116066086244,0.0278463999398
