,ftype,K,d,c1,c2,c3,c4,c5,e11,e12,e21,e22,e31,e32,e41,e42,e51,e52,a1,lb1,ub1,lb2,ub2,rms_err,max_err
0,SMA,5,2,0.0366431798025,0.483090497767,0.0554824172017,30.8795987326,0.442594163174,0.241669968433,36.6958279914,0.0439288371097,0.776787154648,-0.541835918653,-0.0906086574286,6.39877729603,9.87450535374,0.176699127555,-0.449442505771,0.128243771061,0.0440961654561,0.301568599067,0.75,0.99,0.0112053176105,0.0259529717064
