,ftype,K,d,c1,c2,c3,c4,c5,e11,e12,e21,e22,e31,e32,e41,e42,e51,e52,a1,lb1,ub1,lb2,ub2,rms_err,max_err
0,SMA,5,2,351.91236862,115.956204753,41.6415755324,2.87448826221e-08,1.24231552416e-11,5.42395361277,58.1103531192,5.18673798039,13.6416094271,5.31947991271,3.6749066962,-4.68372360033,51.2039382801,-6.91604033873,9.6101725032,6.10250503682,0.0440961654561,0.301568599067,0.75,0.99,0.0236619768071,0.0661744352251
