lb1,lb0,ub0,d,e11,e10,K,e21,e20,e00,e01,a1,ftype,max_err,c2,c1,c0,rms_err,ub1
0.75,0.064773577481849989,0.2610731573912069,2,2.0937436928072448,-0.066227668502685064,3,1.7367358734266909,-0.032290906277283628,-0.16190222613062363,4.1714331090296746,1,MA,0.1622514196683329,0.48349372271605212,0.47952750575392511,0.45306571158494502,0.045054182717698503,0.98999999999999999
