,ftype,K,d,c1,c2,c3,c4,c5,e11,e12,e21,e22,e31,e32,e41,e42,e51,e52,a1,lb1,ub1,lb2,ub2,rms_err,max_err
0,MA,5,2,4.35849098478,0.00646518482728,5.11701176422,0.148830162363,0.0268932050965,1.20742106387,3.73476450374,-1.31869096718,1.77421274263,1.40692815382,1.00502887241,-0.118635080509,1.65410243731,-0.915498229403,6.82971578174,1,0.0440961654561,0.267423481025,0.75,0.99,0.0499180664122,0.123357977388
