,ftype,K,d,c1,c2,c3,c4,c5,e11,e12,e21,e22,e31,e32,e41,e42,e51,e52,a1,lb1,ub1,lb2,ub2,rms_err,max_err
0,SMA,5,2,2.86470012681e-10,160.93629992,0.0173882767515,8.68495866628e-09,4.85673962341,-6.13901710101,8.89768319382,5.29268517351,44.0300949032,0.55831584511,41.1613475675,-5.3604331022,53.0413688796,3.59670104292,6.56226446043,6.21891067589,0.0440961654561,0.301568599067,0.75,0.99,0.0150007503021,0.038704488566
