,ftype,K,d,c1,c2,c3,c4,e11,e12,e21,e22,e31,e32,e41,e42,a1,lb1,ub1,lb2,ub2,rms_err,max_err
0,SMA,4,2,2.82238133596,0.00753791863021,0.555157375075,0.395365228579,4.63657145011,4.76611208408,0.227663663829,35.1580278556,-0.00996301223509,0.256236089407,-0.023348174564,-0.256681436613,0.0338156816753,0.0440961654561,0.301568599067,0.75,0.99,0.0112400093405,0.0284974053079
