,ftype,K,d,c1,c2,c3,c4,c5,e11,e12,e21,e22,e31,e32,e41,e42,e51,e52,a1,lb1,ub1,lb2,ub2,rms_err,max_err
0,MA,5,2,0.0221469606581,6.72530221434,0.10192202852,0.00481462992688,5.48613418344,-0.922208456589,7.12972799999,1.60981084996,1.03847409906,-0.199692690128,1.72875040966,-1.36238472348,1.83761956519,1.38884487742,3.93335723573,1,0.0440961654561,0.231513137534,0.75,0.99,0.0499776367841,0.147815534041
