,ftype,K,d,c1,c2,c3,c4,c5,e11,e12,e21,e22,e31,e32,e41,e42,e51,e52,a1,lb1,ub1,lb2,ub2,rms_err,max_err
0,SMA,5,2,31969.9685129,2.32544146527e-16,180187.585873,3.6889735354e-13,11680.2117619,9.11267107744,22.2127763192,-9.17161773088,11.7120534347,10.8083228865,4.70725891764,-7.2808825296,57.3383272989,7.6901255778,228.24111435,7.1880325817,0.0440961654561,0.254873630576,0.75,0.99,0.0496534581073,0.141262627709
