,ftype,K,d,c1,c2,c3,c4,c5,e11,e12,e21,e22,e31,e32,e41,e42,e51,e52,a1,lb1,ub1,lb2,ub2,rms_err,max_err
0,SMA,5,2,5.47967150635,9.34509638227,6.36250950485e-10,7.19676600689e-07,74.9567502196,3.79884659066,3.70518272866,3.64735376547,13.3457934077,-5.91416710711,8.22564333022,-3.85735447633,48.6143596027,4.48844424431,56.6235598427,5.55604339445,0.0440961654561,0.301568599067,0.75,0.99,0.0177385335727,0.0447680661382
