,ftype,K,d,c1,c2,c3,c4,c5,e11,e12,e21,e22,e31,e32,e41,e42,e51,e52,a1,lb1,ub1,lb2,ub2,rms_err,max_err
0,SMA,5,2,11745.7459773,6.57445562609e-16,18238.0429183,4.36754656711e-12,8167.08247277,8.93571713839,6.31644050905,-9.29994832325,12.2357890982,6.85140616521,338.560478691,-6.91952487175,56.9245848337,8.03964747549,23.6836222287,7.47698924154,0.0440961654561,0.301568599067,0.75,0.99,0.044430704276,0.114832501306
