,ftype,K,d,c1,c2,c3,c4,c5,e11,e12,e21,e22,e31,e32,e41,e42,e51,e52,a1,lb1,ub1,lb2,ub2,rms_err,max_err
0,SMA,5,2,1.59457181076e-07,9.04281976243e-11,30.066423826,16.4482141953,170.318091773,-4.23923173744,49.8238657986,-6.41453881432,8.93951681655,4.38638370179,14.1591503128,4.53810397959,4.0186901462,4.99359288457,56.5990439784,5.83885360803,0.0440961654561,0.301568599067,0.75,0.99,0.0204606524357,0.0556887600454
