,ftype,K,d,c1,c2,c3,c4,c5,e11,e12,e21,e22,e31,e32,e41,e42,e51,e52,a1,lb1,ub1,lb2,ub2,rms_err,max_err
0,SMA,5,2,497.351221609,831.16379149,1.48313390785e-12,4.04128557219e-09,247.70809947,5.95469744382,21.6345810111,5.70528712251,147.862349765,-7.44408797871,10.3423212098,-5.19107249094,52.5621468091,6.12773005688,5.53237767191,6.39820902606,0.0440961654561,0.301568599067,0.75,0.99,0.0273936212179,0.0751842086432
