,ftype,K,d,c1,c2,c3,c4,c5,e11,e12,e21,e22,e31,e32,e41,e42,e51,e52,a1,lb1,ub1,lb2,ub2,rms_err,max_err
0,SMA,5,2,0.0116942277513,1.29639533558e-05,2.13432572947,0.97315322302,0.00986954485573,0.595704384062,4.8057489145,-1.64797635093,32.4661398191,5.47948690467,1.0720708889,-0.00771197789364,0.0066107167554,0.977660071544,37.3367583698,0.0153848702472,0.0440961654561,0.301568599067,0.75,0.99,0.00761547877239,0.0161400702283
