,ftype,K,d,c1,c2,c3,c4,c5,e11,e12,e21,e22,e31,e32,e41,e42,e51,e52,a1,lb1,ub1,lb2,ub2,rms_err,max_err
0,SMA,5,2,0.590797148449,0.000332994023888,0.150713162138,0.21801721707,58.5396832195,-0.152609292956,0.158926466723,-1.59049153699,34.1552285002,0.568608773898,7.21841650068,1.26775526434,48.1653904185,5.9109114476,1.88106001759,0.31429300799,0.0440961654561,0.301568599067,0.75,0.99,0.00772993560471,0.015202154867
