,ftype,K,d,c1,c2,c3,c4,c5,e11,e12,e21,e22,e31,e32,e41,e42,e51,e52,a1,lb1,ub1,lb2,ub2,rms_err,max_err
0,SMA,5,2,5.66048984734,5.54181834893e-05,0.022185319727,0.917096347671,0.0398360306236,5.25658470055,1.00669175418,-1.54679981626,30.3681381253,-0.420847724428,-0.320046574589,0.00284957841934,0.0793819185455,0.670326984478,22.8448555404,0.0596442942842,0.0440961654561,0.301568599067,0.75,0.99,0.00848409313748,0.0171042606101
