,ftype,K,d,c1,c2,c3,c4,e11,e12,e21,e22,e31,e32,e41,e42,a1,lb1,ub1,lb2,ub2,rms_err,max_err
0,SMA,4,2,0.974930585174,0.00333397072207,0.619984393839,0.361228507505,4.56313317714,4.23828357625,0.310788824142,36.5452982725,-0.00210070018399,0.137108189611,-0.0121779119742,-0.190066464751,0.0127952229492,0.0440961654561,0.301568599067,0.75,0.99,0.0109382518102,0.0295037535525
