,ftype,K,d,c1,c2,c3,c4,c5,e11,e12,e21,e22,e31,e32,e41,e42,e51,e52,a1,lb1,ub1,lb2,ub2,rms_err,max_err
0,SMA,5,2,49208.2093656,2.30144270518e-14,2.81191253234e-05,7.58665546657e-17,9705.84827898,9.63558662978,7.66255642125,-8.20889188182,30.6641041543,-6.56890653576,1616.52504904,-9.65521066792,10.4122039462,7.91357494378,43.1877952666,7.59883814022,0.0440961654561,0.287416360812,0.75,0.99,0.0469303828457,0.12847702832
