,ftype,K,d,c1,c2,c3,c4,c5,e11,e12,e21,e22,e31,e32,e41,e42,e51,e52,a1,lb1,ub1,lb2,ub2,rms_err,max_err
0,SMA,5,2,6.85855754984,0.00312512826701,0.0230934808932,0.669783557165,0.05789370928,3.06163868513,22.3058844197,-1.60650706657,0.847941930293,-0.662087983959,9.03833933214,0.462370908683,1.04624815324,-0.220750572445,62.943082822,1.25222226284,0.0440961654561,0.301568599067,0.75,0.99,0.0119281694511,0.0261458739065
