,ftype,K,d,c1,c2,c3,c4,c5,e11,e12,e21,e22,e31,e32,e41,e42,e51,e52,a1,lb1,ub1,lb2,ub2,rms_err,max_err
0,SMA,5,2,0.863453685732,11.9490237855,0.0742732088872,0.0570092749417,0.00138178409853,0.0296018092799,0.142591376589,5.66089568884,0.889732911076,0.874286342063,25.0195009061,-0.397255256546,-0.189682906292,-0.737228646726,22.6122901824,0.0969382028219,0.0440961654561,0.301568599067,0.75,0.99,0.00876621814555,0.0175287298328
