,ftype,K,d,c1,c2,c3,c4,c5,e11,e12,e21,e22,e31,e32,e41,e42,e51,e52,a1,lb1,ub1,lb2,ub2,rms_err,max_err
0,MA,5,2,5.46480547484,0.00337156288477,0.0790773111917,6.71394889726,0.0116441497657,1.46041748091,4.26982118252,-1.41457888368,1.75249842692,-0.223694493025,1.77087475784,1.69130048928,1.12401846089,-1.09367514417,6.42023249991,1,0.0440961654561,0.226015552419,0.75,0.99,0.0498915701936,0.12352282677
