,ftype,K,d,c1,c2,c3,c4,e11,e12,e21,e22,e31,e32,e41,e42,a1,lb1,ub1,lb2,ub2,rms_err,max_err
0,SMA,4,2,1.55200947756e-14,4736.04566544,1.24807501328e-12,112293.098877,-7.8632364742,10.056179595,7.73776722548,35.9177011463,-6.89698413686,53.5371497962,10.0349403171,5.77660531439,6.05959101246,0.0440961654561,0.226015552419,0.75,0.99,0.0488938724166,0.138273702625
