,ftype,K,d,c1,c2,c3,c4,c5,e11,e12,e21,e22,e31,e32,e41,e42,e51,e52,a1,lb1,ub1,lb2,ub2,rms_err,max_err
0,SMA,5,2,1.67405014403e-09,0.0202022739034,110.529160215,1.76853764139,2.32877241352e-08,-5.68146291444,8.33110329324,0.411674573788,39.2100892343,5.17389298019,42.1813165061,2.94809560581,6.22554259043,-5.12779355369,53.8745763312,6.00711591967,0.0440961654561,0.301568599067,0.75,0.99,0.0131932909743,0.0361058501791
