,ftype,K,d,c1,c2,c3,c4,c5,e11,e12,e21,e22,e31,e32,e41,e42,e51,e52,a1,lb1,ub1,lb2,ub2,rms_err,max_err
0,SMA,5,2,12.4330356595,0.429597084661,0.110600218265,0.0101437045853,0.450530604889,6.89068726417,3.48342633856,0.0604656669196,-0.215222625669,-0.220498584824,-0.103539988279,0.379766176371,34.1679879767,0.0219397424249,0.324020793491,0.0261252273024,0.0440961654561,0.301568599067,0.75,0.99,0.0098412498532,0.0241643929463
