,ftype,K,d,c1,c2,c3,c4,c5,e11,e12,e21,e22,e31,e32,e41,e42,e51,e52,a1,lb1,ub1,lb2,ub2,rms_err,max_err
0,SMA,5,2,0.00549082361117,0.0858541916035,29.102431861,0.015178698589,0.89805392513,0.356260404909,-3.90321243168,-0.323108467023,-0.0725953836447,7.20357117389,5.5865656395,0.261856085267,32.5251561372,0.0556263764765,0.105540422461,0.0458563351555,0.0440961654561,0.301568599067,0.75,0.99,0.010421863603,0.0248865556649
