,ftype,K,d,c1,c2,c3,c4,e11,e12,e21,e22,e31,e32,e41,e42,a1,lb1,ub1,lb2,ub2,rms_err,max_err
0,SMA,4,2,6.03982740391,2.04874925643e-05,0.48665426476,0.00206956572488,2.67705816543,35.1737754699,-3.12272087643,3.79983236589,1.0047445677,3.32713553719,-1.56341399337,33.7087514741,3.18039857982,0.0440961654561,0.301568599067,0.75,0.99,0.0126220982236,0.0298916649501
