,ftype,K,d,c1,c2,c3,c4,c5,e11,e12,e21,e22,e31,e32,e41,e42,e51,e52,a1,lb1,ub1,lb2,ub2,rms_err,max_err
0,SMA,5,2,1.36631105554e-05,0.033891213661,4.50006120666,0.0151335510456,0.926929511469,-1.95733778172,34.7383365166,0.667837284338,23.2950992063,5.11046193618,1.10901661822,-0.403981885927,-0.485473011687,-0.00448181388651,0.0686073048831,0.0511386055489,0.0440961654561,0.301568599067,0.75,0.99,0.00822796935422,0.0169725801804
