,ftype,K,d,c1,c2,c3,c4,c5,e11,e12,e21,e22,e31,e32,e41,e42,e51,e52,a1,lb1,ub1,lb2,ub2,rms_err,max_err
0,SMA,5,2,3292.4990689,10925.7742325,3604.80496064,1.07574895397e-14,5.39021732264e-11,7.97084535526,6.08754854282,6.34060923835,340.14914048,7.36672306723,22.4791352381,-8.64065388628,11.6707039977,-6.28587282353,55.6670989548,7.08261075311,0.0440961654561,0.301568599067,0.75,0.99,0.0377276433208,0.0940616360278
