,ftype,K,d,c1,c2,c3,c4,c5,e11,e12,e21,e22,e31,e32,e41,e42,e51,e52,a1,lb1,ub1,lb2,ub2,rms_err,max_err
0,SMA,5,2,11276.8635581,2.30268160033e-13,68199.6592961,10717.8151619,3.73875906394e-15,8.87777928066,21.09726293,-7.2468598793,50.3215970934,10.4790716431,4.67285849152,7.28852395972,340.263205635,-8.04519781746,10.2051697173,5.97119193687,0.0440961654561,0.22064851472,0.75,0.99,0.0473770538585,0.109364607996
