,ftype,K,d,c1,c2,c3,c4,c5,e11,e12,e21,e22,e31,e32,e41,e42,e51,e52,a1,lb1,ub1,lb2,ub2,rms_err,max_err
0,SMA,5,2,4557.5497962,4.63550767759e-13,100913.685378,9.50469930084e-15,4.9135419412e-50,7.84839147591,38.0294534172,-7.13867886689,52.1413419959,10.1294182556,6.00630587704,-7.91774817702,10.1490630809,-3.30942012606,-14.7000017207,6.04581124598,0.0440961654561,0.226015552419,0.75,0.99,0.0496985396995,0.139404324723
