,ftype,K,d,c1,c2,c3,c4,c5,e11,e12,e21,e22,e31,e32,e41,e42,e51,e52,a1,lb1,ub1,lb2,ub2,rms_err,max_err
0,SMA,5,2,0.546017728166,0.253211888109,0.18607455583,8.56524040443,0.0117603643022,0.04662145963,-0.162968282155,0.0701211596674,0.573841039874,-0.174721764905,0.0107446477169,6.34824127302,2.43424548916,0.390229587722,34.7245284817,0.0311553367386,0.0440961654561,0.301568599067,0.75,0.99,0.0094594208299,0.0235337338279
