,ftype,K,d,c1,c2,c3,c4,c5,e11,e12,e21,e22,e31,e32,e41,e42,e51,e52,a1,lb1,ub1,lb2,ub2,rms_err,max_err
0,SMA,5,2,0.0569032107278,11.8272107978,0.864380524932,0.00136374962073,0.0734815317074,-0.396064776836,-0.189928510602,5.66072049196,0.888172814681,0.0294319704209,0.141176243341,-0.737784306501,22.6170809009,0.873502119758,25.0103898267,0.0959110104093,0.0440961654561,0.301568599067,0.75,0.99,0.00876618886889,0.0175312069993
