ub0,ub1,rms_err,e31,e30,e11,e10,ftype,c4,lb1,lb0,K,a1,c3,c2,c1,c0,e21,e40,e41,e20,d,e00,e01,max_err
0.2610731573912069,0.98999999999999999,0.018358414512115923,275.25606307937403,18.982144235464034,30.072162457573096,19.960447227438397,SMA,1.6900802497133333e-34,0.75,0.064773577481849989,5,20.2879242030208,96.637201119075002,9.0909193048940544,0.013957775608552657,2.325686288711726e-08,72.539257996198202,-11.166324387538284,25.701849422505248,20.621640583581293,2,0.65797549869475236,2640.6754206021237,0.050427460391973877
