,ftype,K,d,c1,c2,c3,c4,c5,e11,e12,e21,e22,e31,e32,e41,e42,e51,e52,a1,lb1,ub1,lb2,ub2,rms_err,max_err
0,SMA,5,2,0.0151276186922,1.36558445431e-05,0.0338749063782,4.49783537284,0.92696349543,-0.403964485659,-0.4854873784,-1.95734642426,34.7384991794,0.667838455683,23.2950152306,5.11045016492,1.10897742908,-0.00447930999791,0.0685734726503,0.0511130784424,0.0440961654561,0.301568599067,0.75,0.99,0.00822796515228,0.0169725509693
