,ftype,K,d,c1,c2,c3,c4,c5,e11,e12,e21,e22,e31,e32,e41,e42,e51,e52,a1,lb1,ub1,lb2,ub2,rms_err,max_err
0,SMA,5,2,3.13056880346e-06,37.7375302792,4.5577590373e-09,2.92311493449,2.47598690892,-3.476340474,48.1082282594,4.09330157036,55.5052838708,-5.40250555379,7.52293285837,2.93384648529,14.0417639036,3.10430167464,3.87453948438,5.24143834744,0.0440961654561,0.301568599067,0.75,0.99,0.0155167720031,0.0347796096513
