,ftype,K,d,c1,c2,c3,c4,c5,e11,e12,e21,e22,e31,e32,e41,e42,e51,e52,a1,lb1,ub1,lb2,ub2,rms_err,max_err
0,SMA,5,2,81347.6747527,1.87349738334e-13,27788.0133866,3.30879105895e-15,13799.506359,10.5111057831,4.44522217123,-7.33746911915,50.6979082967,7.34358425913,416.427058883,-8.12113739769,10.2213272885,8.90257779578,20.909744389,6.10120040018,0.0440961654561,0.226015552419,0.75,0.99,0.0497364121495,0.133954763117
