ub0,ub1,rms_err,e31,e30,e11,e10,ftype,c4,lb1,lb0,K,a1,c3,c2,c1,c0,e21,e40,e41,e20,d,e00,e01,max_err
0.2610731573912069,0.98999999999999999,0.019129192471488012,1.5144206667046876,1.1549561651992819,2.7636988887925709,-0.70366905867208984,MA,3.2379627575570367,0.75,0.064773577481849989,5,1,2.1136387630850542,0.019585427478602188,0.030243200037938019,0.015078221583358069,0.95224466692516296,1.2714650229134905,4.6106103040400761,-0.83191057791355005,2,-0.91183804010441138,0.64425633052173514,0.074339070417196895
