,ftype,K,d,c1,c2,c3,c4,c5,e11,e12,e21,e22,e31,e32,e41,e42,e51,e52,a1,lb1,ub1,lb2,ub2,rms_err,max_err
0,SMA,5,2,182272.64138,137448.082069,3.59776239218e-13,2.24911112728e-16,32283.567144,10.8180029535,4.71443047738,7.69614832903,473.01717478,-7.28721832928,57.3693787446,-9.18015225245,11.7230615842,9.12072197661,22.2352129156,7.19472544301,0.0440961654561,0.254873630576,0.75,0.99,0.0496534182867,0.141272972268
