,ftype,K,d,c1,c2,c3,c4,e11,e12,e21,e22,e31,e32,e41,e42,a1,lb1,ub1,lb2,ub2,rms_err,max_err
0,SMA,4,2,0.0033286510599,0.63070324334,0.350542302289,0.973199295456,0.310808219762,36.5395684797,-0.00218365160991,0.134035325903,-0.0123077016092,-0.19462556456,4.56312380538,4.23827273954,0.0127723888182,0.0440961654561,0.301568599067,0.75,0.99,0.0109382294904,0.0295037281558
