,ftype,K,d,c1,c2,c3,c4,e11,e12,e21,e22,e31,e32,e41,e42,a1,lb1,ub1,lb2,ub2,rms_err,max_err
0,SMA,4,2,0.553191326819,0.000752259928519,0.438622768507,0.50621582999,-0.00558284472913,-0.08216118815,-0.0458145278225,34.0035495639,0.00146740198,0.119535997596,4.66170840448,5.80050137769,0.00540368360677,0.0440961654561,0.301568599067,0.75,0.99,0.0116052398289,0.0278372810358
