ub0,ub1,rms_err,e31,e30,e11,e10,ftype,c4,lb1,lb0,K,a1,c3,c2,c1,c0,e21,e40,e41,e20,d,e00,e01,max_err
0.2610731573912069,0.98999999999999999,0.016134547299868095,5.1410093265261825,0.38403378213352857,2.0974694541677636,0.2967659534624163,MA,0.27698361713212838,0.75,0.064773577481849989,5,1,0.79954235274845253,0.07479354426578641,0.56150996490341121,0.033064233534540854,3.1834368090671221,0.0092856152237792769,1.3733355518767683,-0.61568262199248724,2,-0.88543669934676184,0.99877842444079323,0.059700085222450516
