,ftype,K,d,c1,c2,c3,c4,c5,e11,e12,e21,e22,e31,e32,e41,e42,e51,e52,a1,lb1,ub1,lb2,ub2,rms_err,max_err
0,SMA,5,2,5.6636052503,0.0398574586723,0.0221936017265,0.917055581051,5.54552418602e-05,5.25660383382,1.00673609346,0.670333573783,22.8450028042,-0.420874569945,-0.320031639366,0.00285028220593,0.0794251168146,-1.54676813303,30.367645346,0.0596772342967,0.0440961654561,0.301568599067,0.75,0.99,0.00848409917354,0.0171042910891
