,ftype,K,d,c1,c2,c3,c4,e11,e12,e21,e22,e31,e32,e41,e42,a1,lb1,ub1,lb2,ub2,rms_err,max_err
0,SMA,4,2,0.375657178829,0.00554282360818,2.8931674178,0.577426651445,-0.0232127329939,-0.25360168882,0.0845787401623,33.1154359918,4.68216081876,5.34650619309,-0.00894142857313,0.230463464583,0.0317275022993,0.0440961654561,0.301568599067,0.75,0.99,0.011400680449,0.0275728559352
