,ftype,K,d,c1,c2,c3,c4,c5,e11,e12,e21,e22,e31,e32,e41,e42,e51,e52,a1,lb1,ub1,lb2,ub2,rms_err,max_err
0,SMA,5,2,2.17697566538e-13,38028.5262606,6.05569415969e-17,78687.4998785,155308.246998,-7.48390822322,58.871401525,9.25259814943,22.6201606258,-9.61291383589,12.2851082498,7.80872299292,388.962091866,10.8105776494,5.08489981765,7.57033993884,0.0440961654561,0.267423481025,0.75,0.99,0.0496059348976,0.123506580409
