ub0,ub1,rms_err,e31,e30,e11,e10,ftype,c4,lb1,lb0,K,a1,c3,c2,c1,c0,e21,e40,e41,e20,d,e00,e01,max_err
0.2610731573912069,0.98999999999999999,0.021859279997273339,8.3626450996043484,1.8499297880019465,7.0499257596501836,-6.6236337315382583,SMA,0.28521084878040914,0.75,0.064773577481849989,5,6.3197699942292163,0.004700276516666952,0.12332785957458778,3.2392672944401549e-11,0.0048125756385383718,111.63142558329533,3.0677992959889635,23.061033990973172,2.0436161419676524,2,2.1699784194146745,11.113838785620727,0.052219060298779096
