,ftype,K,d,c1,c2,c3,c4,c5,e11,e12,e21,e22,e31,e32,e41,e42,e51,e52,a1,lb1,ub1,lb2,ub2,rms_err,max_err
0,SMA,5,2,74.9455916102,5.47584702802,6.36204772551e-10,9.34620170262,7.19650444719e-07,4.48829677922,56.6150666811,3.79890949653,3.70329492933,-5.9141856414,8.2256324915,3.6473729361,13.3399200045,-3.85736430152,48.6139374993,5.55605933085,0.0440961654561,0.301568599067,0.75,0.99,0.0177385334494,0.0447696567032
