,ftype,K,d,c1,c2,c3,c4,c5,e11,e12,e21,e22,e31,e32,e41,e42,e51,e52,a1,lb1,ub1,lb2,ub2,rms_err,max_err
0,SMA,5,2,0.337080531119,78.5184104866,0.0390134983041,0.53649769425,0.0980386852327,0.0534989703449,0.966248485219,7.25814136663,5.87979582184,0.305378458631,34.6052562354,0.15179883736,-0.275115971935,-0.418705535614,-0.0452497338533,0.119000832937,0.0440961654561,0.301568599067,0.75,0.99,0.0104589347121,0.025419741545
