,ftype,K,d,c1,c2,c3,c4,c5,e11,e12,e21,e22,e31,e32,e41,e42,e51,e52,a1,lb1,ub1,lb2,ub2,rms_err,max_err
0,SMA,5,2,1.45661731352e-13,3.19277811717e-15,5197.6598899,124372.226755,1.8770020894e-08,-7.26909096689,22.5464886195,-8.11824379948,7.53029394495,7.81065589375,37.0498228638,10.1149537089,5.90261233959,-6.82486039122,1037.55188386,6.11674093977,0.0440961654561,0.226015552419,0.75,0.99,0.0487193640926,0.138550878492
