ub0,ub1,rms_err,e31,e30,e11,e10,ftype,c4,lb1,lb0,K,a1,c3,c2,c1,c0,e21,e40,e41,e20,d,e00,e01,max_err
0.2610731573912069,0.98999999999999999,0.021799472104131391,1.0061245757256458,-0.69370903157919817,1.7169035890229891,1.2792659870392635,MA,0.38338974499406281,0.75,0.064773577481849989,5,1,0.033266167231547156,2.3811538558857412,2.3189563430238316,0.72665073683977688,5.664976548828645,0.36712132671361652,1.091233456846298,1.1250235304967999,2,0.61159853472479175,1.9937081430514541,0.063387089885137859
