,ftype,K,d,c1,c2,c3,c4,c5,e11,e12,e21,e22,e31,e32,e41,e42,e51,e52,a1,lb1,ub1,lb2,ub2,rms_err,max_err
0,SMA,5,2,4.02207558539e-09,500.90439934,1.4749861252e-12,249.35827034,631337.569599,-5.19240910675,52.5624488561,5.95512508547,21.7817789642,-7.44554443266,10.3444761328,6.12876922066,5.55144853872,5.70356582654,809.307123853,6.39964693175,0.0440961654561,0.301568599067,0.75,0.99,0.0273936015002,0.0751606736667
