ub0,ub1,rms_err,e31,e30,e11,e10,ftype,c4,lb1,lb0,K,a1,c3,c2,c1,c0,e21,e40,e41,e20,d,e00,e01,max_err
0.2610731573912069,0.98999999999999999,0.0082909352292617772,-2.2560245749592247,1.880467768738002,3.0562676761210552,-2.6323940149885834,SMA,0.068201424689373472,0.75,0.064773577481849989,5,2.5187936083287674,0.0058833015047605698,1.6775818719171681e+23,7.9051587568614569e-07,0.1780756970769935,23.98068030662181,1.4020280826026208,46.537785894163456,44.250068058775952,2,2.1771197746807953,5.4074123427624539,0.027996021504931079
