,ftype,K,d,c1,c2,c3,c4,c5,e11,e12,e21,e22,e31,e32,e41,e42,e51,e52,a1,lb1,ub1,lb2,ub2,rms_err,max_err
0,SMA,5,2,0.110749798971,0.428027870457,12.4691816011,0.0101716187768,0.451923106401,-0.220626903559,-0.103406674486,0.0606394882954,-0.216476726439,6.89063898912,3.48394522257,0.379679612269,34.169639314,0.022095560152,0.323747379689,0.0262026180115,0.0440961654561,0.301568599067,0.75,0.99,0.00984128447639,0.0241646686135
