ub0,ub1,rms_err,e31,e30,e11,e10,ftype,c4,lb1,lb0,K,a1,c3,c2,c1,c0,e21,e40,e41,e20,d,e00,e01,max_err
0.2610731573912069,0.98999999999999999,0.02609704472800442,2.0572731580940098,0.89098959445666048,4.0783564429896639,-0.68926873164345004,MA,0.018057419427296679,0.75,0.064773577481849989,5,1,1.3128479193887246,0.84481635287465695,0.063617416205220004,0.27572478960778735,6.025924477171527,-1.121248957933823,1.4531211301745908,0.44501911037629693,2,0.026421481837319055,2.0179961724873374,0.069527507985904125
