ub0,ub1,rms_err,e31,e30,e11,e10,ftype,c4,lb1,lb0,K,a1,c3,c2,c1,c0,e21,e40,e41,e20,d,e00,e01,max_err
0.2610731573912069,0.98999999999999999,0.010772898639690389,79.875188008790815,-2.7693968746070969,17.624014373803515,-7.9653363528137078,SMA,244.02124505487345,0.75,0.064773577481849989,5,15.88091552831259,1.7036318887532296e-19,0.00021367195120277642,6.5583860775535571e-27,0.072729290978477759,22.25709850398199,13.506331122679773,858.04118318186579,14.020851634100342,2,14.887034284361082,59.516425229693638,0.028674711973747158
