,ftype,K,d,c1,c2,c3,c4,c5,e11,e12,e21,e22,e31,e32,e41,e42,e51,e52,a1,lb1,ub1,lb2,ub2,rms_err,max_err
0,SMA,5,2,3.97986852365e-07,79.4147786884,1.27780574261e-07,0.0322203674927,0.417721994611,-4.331036615,51.3263794547,5.07635634382,39.2981878749,-4.52739893881,6.61723810083,0.159160160554,35.1879182829,1.76326220022,5.1794229312,5.12349710384,0.0440961654561,0.301568599067,0.75,0.99,0.0118180821627,0.0317603774561
