,ftype,K,d,c1,c2,c3,c4,c5,e11,e12,e21,e22,e31,e32,e41,e42,e51,e52,a1,lb1,ub1,lb2,ub2,rms_err,max_err
0,SMA,5,2,0.0116953384678,0.00987050453473,2.13453161715,0.973150640437,1.29652149733e-05,0.595703595285,4.8057493971,0.977660355149,37.3367538053,5.47948687777,1.07207341412,-0.0077127298679,0.00661136072852,-1.64797648152,32.466145923,0.0153863703379,0.0440961654561,0.301568599067,0.75,0.99,0.00761547886226,0.0161400757392
