,ftype,K,d,c1,c2,c3,c4,c5,e11,e12,e21,e22,e31,e32,e41,e42,e51,e52,a1,lb1,ub1,lb2,ub2,rms_err,max_err
0,SMA,5,2,115.95637205,41.6445488284,2.87457118453e-08,351.902657384,1.24236637089e-11,5.18673667893,13.6420067773,5.31946162464,3.67512221045,-4.6837154283,51.203886733,5.42393868915,58.111127616,-6.91602940831,9.61015842049,6.10249423135,0.0440961654561,0.301568599067,0.75,0.99,0.0236619771042,0.0661748832934
