,ftype,K,d,c1,c2,c3,c4,c5,e11,e12,e21,e22,e31,e32,e41,e42,e51,e52,a1,lb1,ub1,lb2,ub2,rms_err,max_err
0,SMA,5,2,0.0527824559246,0.310869416752,87.2085926775,2.51111895255e-06,1.80876682622e-06,0.124851060894,33.863838464,1.26733280951,4.40307979331,5.14159574706,37.4317158879,-3.75663831394,45.655897989,-3.80052412547,5.38055057233,4.36060338243,0.0440961654561,0.301568599067,0.75,0.99,0.0118991824777,0.0295794756884
