,ftype,K,d,c1,c2,c3,c4,c5,e11,e12,e21,e22,e31,e32,e41,e42,e51,e52,a1,lb1,ub1,lb2,ub2,rms_err,max_err
0,SMA,5,2,4744.1354779,2683.13982731,3.98919378679e-15,1.51766114289e-12,1.66434837326e-07,7.88600033382,7.76994577026,6.83306101312,43.0352320922,-8.81212888739,9.75490438684,-7.18544048485,27.4760242163,-5.77367472572,752.843608477,7.05619305366,0.0440961654561,0.301568599067,0.75,0.99,0.0377640804373,0.0935037811261
