,ftype,K,d,c1,c2,c3,c4,c5,e11,e12,e21,e22,e31,e32,e41,e42,e51,e52,a1,lb1,ub1,lb2,ub2,rms_err,max_err
0,MA,5,2,0.117828474851,0.0215124150433,5.42026048616,0.00486284609039,6.73249897821,-0.164936273579,1.69092009326,-0.951431705417,6.37136915397,1.35862099987,3.89255523739,-1.37015827722,1.71386673594,1.58535923182,1.02892531747,1,0.0440961654561,0.231513137534,0.75,0.99,0.0478848653198,0.139411341924
