,ftype,K,d,c1,c2,c3,c4,c5,e11,e12,e21,e22,e31,e32,e41,e42,e51,e52,a1,lb1,ub1,lb2,ub2,rms_err,max_err
0,SMA,5,2,0.880171717638,1.52476486073e-05,5.71478925982,0.0499845123857,0.0398476589948,-0.00196893237377,0.104563513783,-1.9908999958,35.2595423508,5.166740525,1.20210706187,-0.245034855347,-0.441586260527,0.713313647212,24.5317554228,0.0594532692434,0.0440961654561,0.301568599067,0.75,0.99,0.00797620515555,0.016345939339
