ub0,ub1,rms_err,e31,e30,e11,e10,ftype,c4,lb1,lb0,K,a1,c3,c2,c1,c0,e21,e40,e41,e20,d,e00,e01,max_err
0.2610731573912069,0.98999999999999999,0.015466291552596744,160.0044258967132,-36.964726404728623,309.81448576152354,68.591805667639079,SMA,1.6121332615460663e-09,0.75,0.064773577481849989,5,59.383092863085331,2.3180429913141334e-83,1.1159433585722721e-97,1.5932491907272736e+24,9.0524339685355658e+20,44.084744616823052,37.990451714772007,80.801070355177046,-47.003382171876737,2,73.159660491370857,101.54716772812537,0.046161694531673403
