,ftype,K,d,c1,c2,c3,c4,e11,e12,e21,e22,e31,e32,e41,e42,a1,lb1,ub1,lb2,ub2,rms_err,max_err
0,SMA,4,2,14139.8161218,4524.74669173,1.19013851828e-15,7.32509892519e-12,8.71364192717,7.90256092207,7.30231691656,44.0593332191,-9.1513762302,12.2122507909,-6.77888540965,58.5631645888,7.35971722397,0.0440961654561,0.301568599067,0.75,0.99,0.0446844803591,0.115184674038
