,ftype,K,d,c1,c2,c3,c4,c5,e11,e12,e21,e22,e31,e32,e41,e42,e51,e52,a1,lb1,ub1,lb2,ub2,rms_err,max_err
0,SMA,5,2,5.71838346593e-16,72087.9320365,3222.62651074,3.63095499014e-13,3.52501480883e-14,-8.24350074656,5.666843445,10.1577477126,6.60282827165,7.83885914696,43.6023356655,-7.13118496161,77.9091779095,-7.5165471949,18.2785799987,5.90437151428,0.0440961654561,0.22064851472,0.75,0.99,0.0475952846825,0.113537743112
