,ftype,K,d,c1,c2,c3,c4,c5,e11,e12,e21,e22,e31,e32,e41,e42,e51,e52,a1,lb1,ub1,lb2,ub2,rms_err,max_err
0,SMA,5,2,0.765800077812,1.27352405847e-08,9.12613545639e-08,0.0267125744754,87.7623003619,2.33152515846,5.77833576772,-5.14552793287,7.57499608057,-4.75507839461,53.328245425,0.310774325602,37.3695796717,5.12073395785,40.6714343126,5.65520824514,0.0440961654561,0.301568599067,0.75,0.99,0.0121588582441,0.0341255835231
