ub0,ub1,rms_err,e31,e30,e11,e10,ftype,c4,lb1,lb0,K,a1,c3,c2,c1,c0,e21,e40,e41,e20,d,e00,e01,max_err
0.2610731573912069,0.98999999999999999,0.018719016435250334,1.6838406796948988,0.91743293753899557,1.047973923608859,-0.2487774557435766,MA,0.32188725740469754,0.75,0.064773577481849989,5,1,1.1324009398803208,0.064740539712564299,0.12350795739401457,1.4150137226371191,0.83814150246430053,0.12642703842181904,2.8921342874818152,-0.51198380888675388,2,0.86391424615593382,6.1865002376840099,0.056479021731120405
