,ftype,K,d,c1,c2,c3,c4,c5,e11,e12,e21,e22,e31,e32,e41,e42,e51,e52,a1,lb1,ub1,lb2,ub2,rms_err,max_err
0,SMA,5,2,9.02961349061e-11,30.0129683136,16.389806584,170.372559672,1.59271983553e-07,-6.41492591796,8.93992526409,4.38588307861,14.1157656956,4.53906914069,4.00769432452,4.99341224648,56.4953646384,-4.2395824188,49.826471468,5.83925637378,0.0440961654561,0.301568599067,0.75,0.99,0.020460644959,0.0557013488334
