,ftype,K,d,c1,c2,c3,c4,e11,e12,e21,e22,e31,e32,e41,e42,a1,lb1,ub1,lb2,ub2,rms_err,max_err
0,SMA,4,2,0.555838791842,0.394585021321,2.82801026978,0.00755286351785,-0.00999884301437,0.25617429859,-0.023399412684,-0.257348539701,4.63657126565,4.76624322412,0.227641913708,35.1578142881,0.0338848367418,0.0440961654561,0.301568599067,0.75,0.99,0.0112400190708,0.0284975930903
