,ftype,K,d,c1,c2,c3,c4,e11,e12,e21,e22,e31,e32,e41,e42,a1,lb1,ub1,lb2,ub2,rms_err,max_err
0,SMA,4,2,0.506781468198,0.397902296276,0.00181367173318,0.483755361578,0.00148086436177,0.11416680806,4.3869451197,3.75658821833,0.331530096366,34.4939657267,-0.00746831427129,-0.102441132655,0.00646116317219,0.0440961654561,0.301568599067,0.75,0.99,0.0105307689599,0.0286118798606
