,ftype,K,d,c1,c2,c3,c4,e11,e12,e21,e22,e31,e32,e41,e42,a1,lb1,ub1,lb2,ub2,rms_err,max_err
0,SMA,4,2,40183.8802592,7750.31932384,1.82679482711e-12,3.98913994245e-16,9.44909749764,7.54228438363,7.73882130762,43.0017387827,-7.09755165004,58.8418598223,-9.32828307851,12.2018813152,7.45065837373,0.0440961654561,0.287416360812,0.75,0.99,0.0471092948721,0.128349318767
