,ftype,K,d,c1,c2,c3,c4,c5,e11,e12,e21,e22,e31,e32,e41,e42,e51,e52,a1,lb1,ub1,lb2,ub2,rms_err,max_err
0,SMA,5,2,0.000198251957116,0.00431442856126,0.515306249647,4.77857082205,1.3843173774,-2.43325134379,1.98985164347,-1.2413939868,13.7879256831,0.699518318017,2.14125615832,2.45633762624,29.7847049788,-1.03641955088,606.479806872,2.26627139872,0.0440961654561,0.301568599067,0.75,0.99,0.0122409475409,0.0265407059215
