,ftype,K,d,c1,c2,c3,c4,c5,e11,e12,e21,e22,e31,e32,e41,e42,e51,e52,a1,lb1,ub1,lb2,ub2,rms_err,max_err
0,SMA,5,2,0.0205048290349,1.67968458838e-09,2.35978954163e-08,1.76847014887,110.979444268,0.418174171521,39.1921139364,-5.68055188821,8.32956212668,-5.12354114009,53.8631673898,2.94762633989,6.22393121838,5.17719646083,42.1820149973,6.00593856581,0.0440961654561,0.301568599067,0.75,0.99,0.0131932968333,0.0361036898307
