,ftype,K,d,c1,c2,c3,c4,c5,e11,e12,e21,e22,e31,e32,e41,e42,e51,e52,a1,lb1,ub1,lb2,ub2,rms_err,max_err
0,SMA,5,2,2.03473020271e-56,2.18134572234e-15,49040.8865675,1.50173894395e-13,2690.469813,14.4543829203,4.65834215346,-8.14713423781,10.6622576451,10.2036378914,6.97965331163,-7.34260392197,53.2699977282,7.93032247716,44.4023219473,5.98399765731,0.0440961654561,0.226015552419,0.75,0.99,0.0494694169505,0.131604179096
