ub0,ub1,rms_err,e31,e30,e11,e10,ftype,c4,lb1,lb0,K,a1,c3,c2,c1,c0,e21,e40,e41,e20,d,e00,e01,max_err
0.2610731573912069,0.98999999999999999,0.046259934847758144,1.6521927469675237,1.4236988709322285,1.1395723387776819,-0.95935883338716132,MA,3.2640124485737143,0.75,0.064773577481849989,5,1,3.6875912122641736,2.2979045524986907,0.012829127389077172,4.7753414694642577,3.766475201893511,1.404278052885257,1.1809201508467522,1.1731021576717127,2,1.469306164602673,4.3981250174116919,0.12084402196156818
