,ftype,K,d,c1,c2,c3,c4,c5,e11,e12,e21,e22,e31,e32,e41,e42,e51,e52,a1,lb1,ub1,lb2,ub2,rms_err,max_err
0,SMA,5,2,5.70689484464e-17,101244.714321,1.20158879354e-14,8.95837171871e-06,12196.8979173,-9.62076913729,10.1540389987,10.1073070736,7.16943799757,-8.29377875817,29.6590984346,-6.6219778818,1550.81546057,8.13174131381,41.6947432794,7.50955353627,0.0440961654561,0.273928269449,0.75,0.99,0.0471852281157,0.119535997807
