,ftype,K,d,c1,c2,c3,c4,c5,e11,e12,e21,e22,e31,e32,e41,e42,e51,e52,a1,lb1,ub1,lb2,ub2,rms_err,max_err
0,SMA,5,2,6608.85265729,15054.494105,5.32868796145e-15,3.19068788001e-13,103225.731988,7.31642274961,261.480249835,8.79606322906,20.7629750612,-8.0494456785,10.0723560798,-7.22115085733,49.8005966857,10.4781777226,4.30780870103,6.13872091846,0.0440961654561,0.226015552419,0.75,0.99,0.0492859544599,0.134457846835
