ub0,ub1,rms_err,e31,e30,e11,e10,ftype,c4,lb1,lb0,K,a1,c3,c2,c1,c0,e21,e40,e41,e20,d,e00,e01,max_err
0.22064851471995206,0.98999999999999999,0.049775401389989975,1.7450712079968254,2.0087887893998428,4.7684226572034296,1.6132695511028732,MA,7.1586095991425456,0.75,0.064773577481849989,5,1,9.7508107632772614,0.025090398580766404,6.7797250847103001,0.34703535568830446,1.1895244544051449,1.7661218746886396,1.3252974430243727,-0.60101221901083857,2,0.30423361828196627,17.477431959645568,0.11533342512485645
