ub0,ub1,rms_err,e31,e30,e11,e10,ftype,c4,lb1,lb0,K,a1,c3,c2,c1,c0,e21,e40,e41,e20,d,e00,e01,max_err
0.2610731573912069,0.98999999999999999,0.024117720561794773,28.105952644045757,-4.7804530269067351,1.0194054398556116,-1.4423576013153552,SMA,2.5331001542992433,0.75,0.064773577481849989,5,1.9964947931524966,2.3942060456911932e-08,2.7668509213822463,0.00088516905893671987,9.2505150726597432,53.769161812537902,2.4366851923769666,9.2984489383642082,2.5186715431293987,2,3.5280010209100965,1.97232681372146,0.061140845615827333
