,ftype,K,d,c1,c2,c3,c4,c5,e11,e12,e21,e22,e31,e32,e41,e42,e51,e52,a1,lb1,ub1,lb2,ub2,rms_err,max_err
0,SMA,5,2,1.32475792869e-13,1484.78194492,5.75423526767e+29,858.380635126,4.82153527077e-10,-8.03576558833,11.007684141,6.70333816967,21.2334993391,5.96899615082,6267.13016094,7.03807131995,5.66503429915,-5.73103446797,53.535428344,6.7345896146,0.0440961654561,0.301568599067,0.75,0.99,0.0320925487764,0.0850426325855
