,ftype,K,d,c1,c2,c3,c4,c5,e11,e12,e21,e22,e31,e32,e41,e42,e51,e52,a1,lb1,ub1,lb2,ub2,rms_err,max_err
0,SMA,5,2,0.000332960557147,58.5340777818,0.217990846094,0.590835822538,0.150703711236,-1.59048298533,34.1550696633,5.91091275348,1.88099800827,1.26774398984,48.1654815747,-0.152590300218,0.158906526266,0.568626749188,7.21836974975,0.314253805068,0.0440961654561,0.301568599067,0.75,0.99,0.00772993564261,0.0152020161239
