ub0,ub1,rms_err,e31,e30,e11,e10,ftype,c4,lb1,lb0,K,a1,c3,c2,c1,c0,e21,e40,e41,e20,d,e00,e01,max_err
0.2610731573912069,0.98999999999999999,0.0051634859601962539,19.637787467989089,0.88699591674523448,717.06824624717717,0.50451559948830249,SMA,0.13881920463606304,0.75,0.064773577481849989,5,1.8829132480101665,0.040331806879769713,6.9622531120575453e-06,11.6572796068806,34455799567.087105,1.554228216528629,1.4302305357398235,2.3850392767839343,-2.1595469747302953,2,22.016748188709428,15.088253011544992,0.014522546378933576
