ub0,ub1,rms_err,e31,e30,e11,e10,ftype,c4,lb1,lb0,K,a1,c3,c2,c1,c0,e21,e40,e41,e20,d,e00,e01,max_err
0.2610731573912069,0.98999999999999999,0.0043869467131274894,19.999177073316332,13.218829102488622,2.4252697807413126,-1.6937256327521759,SMA,0.057196914077988631,0.75,0.064773577481849989,5,2.2920338872339636,177630.76089661178,22.737273967637844,6.2727878865763981e-06,0.01495889251561227,825.4908522113742,1.5469642122778995,2.754451170869384,0.61854402630263239,2,0.79131440179706802,21.115385914511034,0.010928951474751702
