,ftype,K,d,c1,c2,c3,c4,c5,e11,e12,e21,e22,e31,e32,e41,e42,e51,e52,a1,lb1,ub1,lb2,ub2,rms_err,max_err
0,SMA,5,2,4.71737937686,1.92140154683e-05,0.0322861488637,0.0893000292431,0.856276100756,5.19994799685,1.10660186546,-1.86870641846,32.0545177327,0.814192149278,27.498804125,0.194692088059,1.00628873809,-0.0320639020315,-0.010769530167,0.0469652791583,0.0440961654561,0.301568599067,0.75,0.99,0.00775479704429,0.0164443256731
