,ftype,K,d,c1,c2,c3,c4,c5,e11,e12,e21,e22,e31,e32,e41,e42,e51,e52,a1,lb1,ub1,lb2,ub2,rms_err,max_err
0,SMA,5,2,6.85640525304,0.0578676614095,0.0230953519112,0.00312497024104,0.669775644925,3.06129475464,22.3079238854,-0.220946643053,62.9471242275,-0.662059124199,9.03815923128,-1.606524574,0.847990374301,0.462390085909,1.04626321711,1.25226442361,0.0440961654561,0.301568599067,0.75,0.99,0.0119281693561,0.0261451668706
