,ftype,K,d,c1,c2,c3,c4,c5,e11,e12,e21,e22,e31,e32,e41,e42,e51,e52,a1,lb1,ub1,lb2,ub2,rms_err,max_err
0,SMA,5,2,1.19969211671e-12,6.21424896511e-16,6.74398879917e-14,120409.486281,5031.49137331,-6.90019422684,74.0922998656,-8.34882423288,4.89651505663,-7.47081027879,16.0195232174,10.0869110206,5.87685030839,7.7834904958,37.0244472872,6.09803192471,0.0440961654561,0.226015552419,0.75,0.99,0.0487090805796,0.138292091029
