,ftype,K,d,c1,c2,c3,c4,e11,e12,e21,e22,e31,e32,e41,e42,a1,lb1,ub1,lb2,ub2,rms_err,max_err
0,SMA,4,2,7.84578542832e-12,13786.4572136,1.30277039352e-15,4417.56516088,-6.76035349421,58.4740950684,8.6907166832,7.87992624496,-9.12735535127,12.179624896,7.28287246841,43.9930205152,7.3399266281,0.0440961654561,0.301568599067,0.75,0.99,0.0446844744964,0.115169120438
