,ftype,K,d,c1,c2,c3,c4,e11,e12,e21,e22,e31,e32,e41,e42,a1,lb1,ub1,lb2,ub2,rms_err,max_err
0,SMA,4,2,40205.3828283,7754.0525222,3.98207196178e-16,1.82428658911e-12,9.44956978209,7.54270410133,7.73921350553,43.0030401856,-9.32874860705,12.2025032715,-7.09791877629,58.8436108871,7.45103855632,0.0440961654561,0.287416360812,0.75,0.99,0.0471092930978,0.128349433047
