,ftype,K,d,c1,c2,c3,c4,c5,e11,e12,e21,e22,e31,e32,e41,e42,e51,e52,a1,lb1,ub1,lb2,ub2,rms_err,max_err
0,SMA,5,2,1.43975069535e-15,86905.6104046,4169.8839982,6.14857787682e-14,1.27675365459e-06,-8.20690976763,7.78116037768,10.202958171,6.36525340449,7.92461459575,41.7849010287,-7.41270854568,23.7929232628,-7.23382996633,1622.20154882,6.04129829981,0.0440961654561,0.226015552419,0.75,0.99,0.0499967999828,0.138833455281
