,ftype,K,d,c1,c2,c3,c4,c5,e11,e12,e21,e22,e31,e32,e41,e42,e51,e52,a1,lb1,ub1,lb2,ub2,rms_err,max_err
0,SMA,5,2,66885.918551,2952.87076485,5.41646352374e-177,3.75965924253e-13,7.32008389795e-15,10.090747035,6.53982075208,7.77388646923,42.8013966264,135.544729634,1076.11429584,-7.13283575306,52.1744873038,-7.89337659661,10.2442421634,5.86212911465,0.0440961654561,0.22064851472,0.75,0.99,0.0478591605399,0.11373904957
