,ftype,K,d,c1,c2,c3,c4,c5,e11,e12,e21,e22,e31,e32,e41,e42,e51,e52,a1,lb1,ub1,lb2,ub2,rms_err,max_err
0,SMA,5,2,0.0338393386617,0.927037620517,0.0151146762428,4.49298085609,1.3639999218e-05,0.667841010358,23.2948320852,-0.00447384969691,0.0684996846961,-0.403926530254,-0.485518702915,5.11042449755,1.10889195823,-1.95736527297,34.7388539631,0.0510574046839,0.0440961654561,0.301568599067,0.75,0.99,0.00822795598874,0.016972487263
