,ftype,K,d,c1,c2,c3,c4,e11,e12,e21,e22,e31,e32,e41,e42,a1,lb1,ub1,lb2,ub2,rms_err,max_err
0,SMA,4,2,6.03980907954,0.00206954114097,2.04873083539e-05,0.486653602201,2.67705613246,35.173794547,-1.5634180251,33.7087710316,-3.12272330081,3.79983782067,1.00474577152,3.32714095136,3.1804033657,0.0440961654561,0.301568599067,0.75,0.99,0.0126220982233,0.0298916456392
