,ftype,K,d,c1,c2,c3,c4,e11,e12,e21,e22,e31,e32,e41,e42,a1,lb1,ub1,lb2,ub2,rms_err,max_err
0,SMA,4,2,0.503818807696,0.397651580786,0.00181245396854,0.486724113214,0.00150847081285,0.114784152677,4.38695241542,3.75657168092,0.331524085475,34.494686756,-0.0074385399689,-0.101769852047,0.00645702806833,0.0440961654561,0.301568599067,0.75,0.99,0.0105307686193,0.0286118373144
