,ftype,K,d,c1,c2,c3,c4,c5,e11,e12,e21,e22,e31,e32,e41,e42,e51,e52,a1,lb1,ub1,lb2,ub2,rms_err,max_err
0,SMA,5,2,1.76850039287,0.0203039647721,2.34010924025e-08,1.67658185456e-09,110.671155924,2.94787846134,6.22477938114,0.413843481685,39.2014095212,-5.12624544133,53.8722184512,-5.68105756854,8.33040258488,5.17491065754,42.1812154865,6.0065707435,0.0440961654561,0.301568599067,0.75,0.99,0.0131932918572,0.0361044827398
