,ftype,K,d,c1,c2,c3,c4,e11,e12,e21,e22,e31,e32,e41,e42,a1,lb1,ub1,lb2,ub2,rms_err,max_err
0,SMA,4,2,1.87101277504e-13,6.80436625364e-10,1277.89308831,1364.47541004,-7.94859884011,10.976227931,-5.63345067821,54.7160916661,6.92680177579,7.42146245531,6.28004928722,42.1319794934,6.65818625756,0.0440961654561,0.301568599067,0.75,0.99,0.032331191986,0.0847447690227
