ub0,ub1,rms_err,e31,e30,e11,e10,ftype,c4,lb1,lb0,K,a1,c3,c2,c1,c0,e21,e40,e41,e20,d,e00,e01,max_err
0.2610731573912069,0.98999999999999999,0.025690172385344837,1.6892001315475482,-0.54649448107452581,4.4902975090784292,-0.47784965254862338,MA,0.21229230711378225,0.75,0.064773577481849989,5,1,0.19518109049236804,0.2256203481487549,0.2563796823664285,0.15005875332592689,2.0898497607430011,-0.53519597148676223,2.1665884978823375,-0.46696095225825729,2,-0.64912910281753256,1.9968387102368248,0.072599707537560287
