,ftype,K,d,c1,c2,c3,c4,c5,e11,e12,e21,e22,e31,e32,e41,e42,e51,e52,a1,lb1,ub1,lb2,ub2,rms_err,max_err
0,SMA,5,2,32.1196576526,0.0361441153415,0.442784340463,0.48274561921,0.0567002592451,6.45810897456,9.91159681187,0.246286208787,36.7107991365,0.0383220426679,0.818899294862,0.169543985469,-0.392090675015,-0.534361395417,-0.0926500432055,0.125292299377,0.0440961654561,0.301568599067,0.75,0.99,0.0112056567693,0.0259155382804
