ub0,ub1,rms_err,e31,e30,e11,e10,ftype,c4,lb1,lb0,K,a1,c3,c2,c1,c0,e21,e40,e41,e20,d,e00,e01,max_err
0.2610731573912069,0.98999999999999999,0.018777117770756958,22.069541034678309,-10.043045653581105,126.38343269946463,-13.128227265070787,SMA,6.864409035984843e-07,0.75,0.064773577481849989,5,14.04259832317182,1.8384621632390626e-18,6.1174079808993706e-19,1.2750807823324555e-17,5.8066593715049227e-10,46.379560653845296,2.8683904796405679,96.243784733053374,-12.552796520409101,2,1.4063925574525391,23.534224393212448,0.06427809320352873
