,ftype,K,d,c1,c2,c3,c4,c5,e11,e12,e21,e22,e31,e32,e41,e42,e51,e52,a1,lb1,ub1,lb2,ub2,rms_err,max_err
0,SMA,5,2,9.40192980696e-08,1.28143427532e-08,0.0274571362468,88.8497646257,0.766025598564,-4.74545447886,53.2902251685,-5.14382238086,7.57211328283,0.323109891312,37.3390581507,5.13105308877,40.6816208728,2.33082243749,5.77541392676,5.6529580191,0.0440961654561,0.301568599067,0.75,0.99,0.0121588597432,0.0341231731144
