,ftype,K,d,c1,c2,c3,c4,c5,e11,e12,e21,e22,e31,e32,e41,e42,e51,e52,a1,lb1,ub1,lb2,ub2,rms_err,max_err
0,SMA,5,2,1.20949770284e-14,12491.8403153,1.07735465251e-16,184076.999607,1.57795654444e-06,-8.10132982409,25.6338409089,8.291864393,38.023839323,-9.2411081788,9.20253037224,10.5057657817,6.33196079829,-6.7312027464,1448.543831,7.1039748086,0.0440961654561,0.254873630576,0.75,0.99,0.0498475863341,0.145543904952
