,ftype,K,d,c1,c2,c3,c4,c5,e11,e12,e21,e22,e31,e32,e41,e42,e51,e52,a1,lb1,ub1,lb2,ub2,rms_err,max_err
0,SMA,5,2,1.32871875768e-14,3.8890931533e-16,2988.29575759,2.02728675697e-13,53587.5681606,-7.75489942551,22.5210804671,-8.36965030515,7.36259635061,8.01362855858,44.9269336568,-7.2338383916,91.9401253565,10.2881389656,7.04666898541,6.0361290633,0.0440961654561,0.226015552419,0.75,0.99,0.0492037654844,0.131695576613
