,ftype,K,d,c1,c2,c3,c4,e11,e12,e21,e22,e31,e32,e41,e42,a1,lb1,ub1,lb2,ub2,rms_err,max_err
0,SMA,4,2,3.80127069994,0.486701844416,0.0127945612579,0.440079985725,4.56315472162,4.30698232464,-0.0141615619532,0.37125593931,0.299030195606,36.7884318356,-0.0334218827964,-0.269381907704,0.0513020514653,0.0440961654561,0.301568599067,0.75,0.99,0.0109472992363,0.0296141126574
