,ftype,K,d,c1,c2,c3,c4,c5,e11,e12,e21,e22,e31,e32,e41,e42,e51,e52,a1,lb1,ub1,lb2,ub2,rms_err,max_err
0,SMA,5,2,0.0398574199484,0.917055659164,0.0221935822729,5.66359935763,5.54551779204e-05,0.670333568795,22.8450025689,0.00285027892077,0.0794250365606,-0.420874547204,-0.320031696308,5.25660376095,1.00673600299,-1.54676817288,30.3676458933,0.0596771742397,0.0440961654561,0.301568599067,0.75,0.99,0.00848409916226,0.0171042910394
