,ftype,K,d,c1,c2,c3,c4,c5,e11,e12,e21,e22,e31,e32,e41,e42,e51,e52,a1,lb1,ub1,lb2,ub2,rms_err,max_err
0,SMA,5,2,352.020452969,2.87406126999e-08,116.022293604,1.24188522948e-11,41.3362159197,5.42379309676,58.0383522851,-4.68376337062,51.2028691361,5.18689765846,13.6006520451,-6.91613105699,9.61011884534,5.31996771002,3.65521555903,6.10256749472,0.0440961654561,0.301568599067,0.75,0.99,0.0236619752719,0.0661795103265
