,ftype,K,d,c1,c2,c3,c4,c5,e11,e12,e21,e22,e31,e32,e41,e42,e51,e52,a1,lb1,ub1,lb2,ub2,rms_err,max_err
0,SMA,5,2,4.72025263042,0.0323058165455,1.92258771704e-05,0.0893556262905,0.85618717225,5.19995176486,1.10666118507,0.814191713493,27.4987339729,-1.8687095983,32.0546132294,0.194666147986,1.00624695589,-0.0320845484749,-0.0107789137539,0.0469945178553,0.0440961654561,0.301568599067,0.75,0.99,0.00775480024997,0.0164443757834
