,ftype,K,d,c1,c2,c3,c4,c5,e11,e12,e21,e22,e31,e32,e41,e42,e51,e52,a1,lb1,ub1,lb2,ub2,rms_err,max_err
0,SMA,5,2,16.3023022869,9.02109818976e-11,1.59159547707e-07,29.9969064556,170.311012939,4.53980828834,3.99239571571,-6.41517097948,8.94000850286,-4.23979135191,49.8253633081,4.3857508552,14.062429615,4.99268693385,56.3965787835,5.83949028977,0.0440961654561,0.301568599067,0.75,0.99,0.0204606459392,0.0557227761863
