,ftype,K,d,c1,c2,c3,c4,c5,e11,e12,e21,e22,e31,e32,e41,e42,e51,e52,a1,lb1,ub1,lb2,ub2,rms_err,max_err
0,SMA,5,2,4.50881459028e-06,138578.309522,6216.07287119,2.08914458084e-13,4.21583969949e-15,-6.24010669494,1367.36253132,10.000856653,5.6295230271,7.69398637086,35.1271298643,-7.29244422733,23.4482640828,-8.24013020452,8.19430141541,6.28946477686,0.0440961654561,0.231513137534,0.75,0.99,0.0482226530198,0.150300443169
