,ftype,K,d,c1,c2,c3,c4,c5,e11,e12,e21,e22,e31,e32,e41,e42,e51,e52,a1,lb1,ub1,lb2,ub2,rms_err,max_err
0,SMA,5,2,5057.23590782,112954.62982,1.78189302153e-15,4.87344954082e-09,8.72014876374e-14,7.93034523149,39.3117329794,10.2207162161,6.13809283121,-8.19196784331,7.54116257813,-7.18227548094,1036.71155069,-7.3548682669,22.9333219174,6.10879366689,0.0440961654561,0.226015552419,0.75,0.99,0.049518196177,0.139598048238
