,ftype,K,d,c1,c2,c3,c4,c5,e11,e12,e21,e22,e31,e32,e41,e42,e51,e52,a1,lb1,ub1,lb2,ub2,rms_err,max_err
0,SMA,5,2,0.973159888711,2.13379433015,0.00986706791607,1.29606971112e-05,0.0116913609591,-0.00771003704356,0.0066090546563,5.47948697408,1.07206437128,0.977659339559,37.3367701509,-1.64797601388,32.4661240649,0.595706419895,4.80574766887,0.015380998504,0.0440961654561,0.301568599067,0.75,0.99,0.00761547854042,0.0161400560049
