,ftype,K,d,c1,c2,c3,c4,c5,e11,e12,e21,e22,e31,e32,e41,e42,e51,e52,a1,lb1,ub1,lb2,ub2,rms_err,max_err
0,SMA,5,2,4.99068748908e-05,1.47653077141e-14,11424.1694612,93996.0880713,7.21392606068e-17,-6.57646368625,1704.33051668,-8.2396731446,29.5391087503,8.07844003983,41.5347846214,10.0426808331,7.11809149418,-9.56084651438,10.0852994329,7.46052338031,0.0440961654561,0.273928269449,0.75,0.99,0.0471850816456,0.119751147798
