,ftype,K,d,c1,c2,c3,c4,c5,e11,e12,e21,e22,e31,e32,e41,e42,e51,e52,a1,lb1,ub1,lb2,ub2,rms_err,max_err
0,SMA,5,2,3103.90957628,13233.086902,6.45972864594e-11,3349.36179995,1.33791155717e-14,7.91477588373,6.03099917035,6.30443509568,362.604794763,-6.23612314034,55.4398170489,7.30890397279,22.3268312396,-8.58324383709,11.5824364549,7.03003329706,0.0440961654561,0.301568599067,0.75,0.99,0.0377281462455,0.0939318696851
