,ftype,K,d,c1,c2,c3,c4,c5,e11,e12,e21,e22,e31,e32,e41,e42,e51,e52,a1,lb1,ub1,lb2,ub2,rms_err,max_err
0,MA,5,2,0.00458016894346,0.0161127480446,5.67430366258,0.114467002258,7.01064434184,-1.36674478105,1.67297064209,-1.03326407884,6.30893211841,1.40634779559,3.84693247764,-0.168551333083,1.88935484907,1.62838260511,1.05337512199,1,0.0440961654561,0.226015552419,0.75,0.99,0.0473509988855,0.120728959304
