,ftype,K,d,c1,c2,c3,c4,c5,e11,e12,e21,e22,e31,e32,e41,e42,e51,e52,a1,lb1,ub1,lb2,ub2,rms_err,max_err
0,SMA,5,2,0.44137873269,0.439880625749,0.109639936498,12.2047195684,0.00996724392565,0.0209343307972,0.325936740472,0.0593554940504,-0.207222279638,-0.219687826183,-0.10439089351,6.89100567506,3.48009255508,0.380321949433,34.1573957044,0.0256363057952,0.0440961654561,0.301568599067,0.75,0.99,0.0098410326256,0.0241626360071
