,ftype,K,d,c1,c2,c3,c4,c5,e11,e12,e21,e22,e31,e32,e41,e42,e51,e52,a1,lb1,ub1,lb2,ub2,rms_err,max_err
0,SMA,5,2,0.150460641348,0.217314165055,0.000332101292608,0.59182899262,58.3901273379,0.569087997121,7.21717060983,1.26745476586,48.1678272929,-1.5902635288,34.1509936265,-0.152102983884,0.15839490967,5.91094627885,1.87940677917,0.313247942865,0.0440961654561,0.301568599067,0.75,0.99,0.00772993670024,0.015198471568
