ub0,ub1,rms_err,e31,e30,e11,e10,ftype,c4,lb1,lb0,K,a1,c3,c2,c1,c0,e21,e40,e41,e20,d,e00,e01,max_err
0.2610731573912069,0.98999999999999999,0.018846229870507283,4.2981676656405972,-0.88148024588276963,1.418890051384377,0.9870624234014348,MA,0.015177069027455666,0.75,0.064773577481849989,5,1,0.019767095011561233,2.6435459443127662,1.2199211374155734,2.9262005956984902,5.0856856616500892,-0.90118558990169939,1.1752946647508897,1.2427890606034386,2,1.4713341304274286,1.3781520101519478,0.061970787231745206
