,ftype,K,d,c1,c2,c3,c4,c5,e11,e12,e21,e22,e31,e32,e41,e42,e51,e52,a1,lb1,ub1,lb2,ub2,rms_err,max_err
0,SMA,5,2,0.0399159008486,5.72485696108,1.52763620412e-05,0.879995605163,0.0500400767445,0.713305722378,24.5320707318,5.16678167917,1.20226938338,-1.99087643453,35.2591738638,-0.00197580002117,0.104742634171,-0.245113354018,-0.441561709414,0.0595597503744,0.0440961654561,0.301568599067,0.75,0.99,0.00797621904359,0.0163462469205
