,ftype,K,d,c1,c2,c3,c4,c5,e11,e12,e21,e22,e31,e32,e41,e42,e51,e52,a1,lb1,ub1,lb2,ub2,rms_err,max_err
0,SMA,5,2,0.00431423876959,0.515307995633,1.38450859709,4.77865443893,0.000198254045297,-1.24141532463,13.7878165927,0.699514297402,2.14124656656,-1.03635157698,606.475723989,2.45635710237,29.7843595434,-2.43324636265,1.98981443158,2.26625888714,0.0440961654561,0.301568599067,0.75,0.99,0.0122409475563,0.0265407887951
