,ftype,K,d,c1,c2,c3,c4,c5,e11,e12,e21,e22,e31,e32,e41,e42,e51,e52,a1,lb1,ub1,lb2,ub2,rms_err,max_err
0,SMA,5,2,0.00312506645912,0.0578835166171,0.0230942134678,0.669780461546,6.85771531225,-1.60651391436,0.847960881384,-0.220827287163,62.9446646589,-0.662076684914,9.03826883311,0.462378411246,1.04625403826,3.06150411233,22.306682316,1.25223875459,0.0440961654561,0.301568599067,0.75,0.99,0.011928169411,0.0261455973045
