,ftype,K,d,c1,c2,c3,c4,c5,e11,e12,e21,e22,e31,e32,e41,e42,e51,e52,a1,lb1,ub1,lb2,ub2,rms_err,max_err
0,MA,5,2,0.216708220927,0.210454580915,0.885670620238,0.421841102656,0.292602449659,-0.509733786725,3.07971584834,-0.465766337662,0.817024199807,0.330289447605,4.76764553856,-0.0724139421384,1.38666800973,-0.381366478339,3.02771634678,1,0.0440961654561,0.301568599067,0.75,0.99,0.0114925405222,0.0299175660974
