,ftype,K,d,c1,c2,c3,c4,c5,e11,e12,e21,e22,e31,e32,e41,e42,e51,e52,a1,lb1,ub1,lb2,ub2,rms_err,max_err
0,SMA,5,2,1.48331470863e-12,814.104813782,497.061258994,247.567357378,4.04189129022e-09,-7.44405693073,10.3422906413,5.70555920921,145.642150368,5.95474457415,21.6204125887,6.12773090368,5.53057603589,-5.19102944366,52.5626614915,6.39817809443,0.0440961654561,0.301568599067,0.75,0.99,0.0273936231744,0.0751864788029
