,ftype,K,d,c1,c2,c3,c4,c5,e11,e12,e21,e22,e31,e32,e41,e42,e51,e52,a1,lb1,ub1,lb2,ub2,rms_err,max_err
0,SMA,5,2,4.98068197867e-15,165887.082244,14994.6500407,3.05374391944e-17,2.90309206887e-06,-8.42597390083,27.4439339025,10.5034702327,6.86120340118,8.38414050234,40.6234251573,-9.6633753871,9.80226360141,-6.80062323876,1526.2150831,7.47691421398,0.0440961654561,0.267423481025,0.75,0.99,0.0498097265962,0.125191330318
