ub0,ub1,rms_err,e31,e30,e11,e10,ftype,lb1,lb0,K,a1,c3,c2,c1,c0,e21,e20,d,e00,e01,max_err
0.2610731573912069,0.98999999999999999,0.020385802240996006,1.2702602146755566,-0.36637820177167246,2.6619986481023901,-0.36142445383554023,MA,0.75,0.064773577481849989,4,1,0.30438093246361458,0.45583903898141453,0.33542353018091264,0.28955641892486766,3.6069870885871982,-0.17236869543435851,2,-0.39074684081179167,1.6178182510563248,0.084328925302241897
