,ftype,K,d,c1,c2,c3,c4,c5,e11,e12,e21,e22,e31,e32,e41,e42,e51,e52,a1,lb1,ub1,lb2,ub2,rms_err,max_err
0,SMA,5,2,3.34876403894e-09,3.90974867493,73.9776423327,1.54061104849,1.7199258383e-06,-5.48535903179,7.71874357797,3.16020037802,5.29404771151,4.69249709853,53.204351543,2.60908181932,25.0826121606,-3.67120238331,49.7825018989,5.35977550918,0.0440961654561,0.301568599067,0.75,0.99,0.0154953143048,0.0358164523113
