,ftype,K,d,c1,c2,c3,c4,e11,e12,e21,e22,e31,e32,e41,e42,a1,lb1,ub1,lb2,ub2,rms_err,max_err
0,SMA,4,2,2.82796115269,0.394591598707,0.0075527331504,0.555833076451,4.63657126726,4.76624208048,-0.023398969098,-0.257342852287,0.227642103827,35.1578160042,-0.00999853322721,0.256174726272,0.0338842332742,0.0440961654561,0.301568599067,0.75,0.99,0.0112400189852,0.0284975914536
