,ftype,K,d,c1,c2,c3,c4,c5,e11,e12,e21,e22,e31,e32,e41,e42,e51,e52,a1,lb1,ub1,lb2,ub2,rms_err,max_err
0,SMA,5,2,0.857259533766,0.0579279761697,0.00150296162061,0.0794207606194,12.7653801016,0.0308240549693,0.151876048867,-0.404162991455,-0.187410720516,-0.733201268397,22.5802305179,0.879514859927,25.0804790794,5.66422537482,0.900007105398,0.103613654213,0.0440961654561,0.301568599067,0.75,0.99,0.0087664122069,0.0175121376789
