,ftype,K,d,c1,c2,c3,c4,c5,e11,e12,e21,e22,e31,e32,e41,e42,e51,e52,a1,lb1,ub1,lb2,ub2,rms_err,max_err
0,SMA,5,2,0.00504742645319,0.87463171633,12.5081234865,0.0898826086014,0.0582810353897,-0.225868538863,20.3807313098,0.0456845317688,0.0905376729142,6.31549203661,0.923743789971,-0.302333001503,-0.102672930373,1.3193935067,29.483815704,0.0571570183433,0.0440961654561,0.301568599067,0.75,0.99,0.00917870636999,0.0198777850785
