,ftype,K,d,c1,c2,c3,c4,c5,e11,e12,e21,e22,e31,e32,e41,e42,e51,e52,a1,lb1,ub1,lb2,ub2,rms_err,max_err
0,SMA,5,2,79.4017747673,0.0322125913584,1.27776677784e-07,3.97884559e-07,0.41772163948,5.07621057105,39.2983007112,0.159049623511,35.1877360088,-4.52740787204,6.61724788947,-4.3311207315,51.327245915,1.7632659917,5.17942882598,5.12350614077,0.0440961654561,0.301568599067,0.75,0.99,0.0118180823356,0.0317603246613
