,ftype,K,d,c1,c2,c3,c4,c5,e11,e12,e21,e22,e31,e32,e41,e42,e51,e52,a1,lb1,ub1,lb2,ub2,rms_err,max_err
0,SMA,5,2,35.4521555092,0.0842474872848,0.0198376676357,0.653601214924,0.248747866066,7.19565599972,5.61315934238,-0.346146334935,-0.123046274445,0.314824972601,33.8001091039,0.0399336314335,0.339647217445,0.129987886658,-0.524735254415,0.0566780942159,0.0440961654561,0.301568599067,0.75,0.99,0.0104328736314,0.0252299565697
