,ftype,K,d,c1,c2,c3,c4,c5,e11,e12,e21,e22,e31,e32,e41,e42,e51,e52,a1,lb1,ub1,lb2,ub2,rms_err,max_err
0,SMA,5,2,79.6020383915,1.27827135804e-07,0.417723449126,0.0323306732134,3.99373927688e-07,5.07846274384,39.296224416,-4.52728982977,6.61713692648,1.76321389055,5.17939619572,0.16072530386,35.191441801,-4.32989488137,51.3132799574,5.12340128583,0.0440961654561,0.301568599067,0.75,0.99,0.0118180803283,0.031761292854
