ub0,ub1,rms_err,e31,e30,e11,e10,ftype,c4,lb1,lb0,K,a1,c3,c2,c1,c0,e21,e40,e41,e20,d,e00,e01,max_err
0.2610731573912069,0.98999999999999999,0.019632116748429629,5.1452161124270637,0.33883289020815882,1.1090237526178199,-0.78786866378488585,MA,0.30919654735862956,0.75,0.064773577481849989,5,1,0.69299134221424297,0.44184388121808083,0.043673813824197223,0.19551762971569178,1.9835533779158601,0.04120415901979739,2.0054715705193771,0.19598099136122227,2,-0.13985795610085711,1.1793343891367687,0.067263513628495808
