ub0,ub1,rms_err,e31,e30,e11,e10,ftype,c4,lb1,lb0,K,a1,c3,c2,c1,c0,e21,e40,e41,e20,d,e00,e01,max_err
0.2610731573912069,0.98999999999999999,0.0042310740292668169,4.5677812586208395,-2.2650015075968373,5.4570319355881791,1.9459886090826719,SMA,0.0044032858965703785,0.75,0.064773577481849989,5,2.388495719822834,1.3574036588375043e-06,0.009732635695281551,0.14039493090334604,2.5246382020773637,-0.83096255476932035,0.42106300764039639,43.48208358464845,1.4854836984002122,2,4.1292930167834268,44.751330507845381,0.010240248762489745
