ub0,ub1,rms_err,e31,e30,e11,e10,ftype,c4,lb1,lb0,K,a1,c3,c2,c1,c0,e21,e40,e41,e20,d,e00,e01,max_err
0.2610731573912069,0.98999999999999999,0.026766576734740449,4.5813234507769547,1.1239135577123465,1.6452016454722034,0.088468136477995604,MA,1.3364043878916785,0.75,0.064773577481849989,5,1,2.0564946169816847,1.7925274323039613,0.10176432589644541,0.35755886270453552,1.5229311637245857,1.160860510086472,0.3887180510696962,1.156634029143538,2,0.4379176675117496,6.4150007539951028,0.063056548825504599
