,ftype,K,d,c1,c2,c3,c4,c5,e11,e12,e21,e22,e31,e32,e41,e42,e51,e52,a1,lb1,ub1,lb2,ub2,rms_err,max_err
0,SMA,5,2,0.076579091694,0.860707464877,0.00143527217878,12.3099799595,0.0573800554967,0.876604553032,25.0464911772,0.0301274851121,0.146735147708,-0.735499215791,22.5980679818,5.66197634143,0.894309898254,-0.400506618642,-0.188792491174,0.0999292477111,0.0440961654561,0.301568599067,0.75,0.99,0.00876630441741,0.0175213836024
