,ftype,K,d,c1,c2,c3,c4,c5,e11,e12,e21,e22,e31,e32,e41,e42,e51,e52,a1,lb1,ub1,lb2,ub2,rms_err,max_err
0,SMA,5,2,0.310865687294,2.51080108631e-06,0.0527846453478,1.80866596317e-06,87.2161167776,1.26733413673,4.40312989455,-3.75667690821,45.6546127144,0.124868452263,33.8648806961,-3.8005384223,5.38057743266,5.14168606509,37.4309611831,4.36063059918,0.0440961654561,0.301568599067,0.75,0.99,0.0118991824126,0.0295795938285
