,ftype,K,d,c1,c2,c3,c4,c5,e11,e12,e21,e22,e31,e32,e41,e42,e51,e52,a1,lb1,ub1,lb2,ub2,rms_err,max_err
0,SMA,5,2,1.07024393538e-14,3588.89944186,4410.852709,5.3732865807e-11,3297.20743549,-8.6420273222,11.6722710961,7.36546335278,22.4420140862,6.34887722544,248.180775647,-6.28677019085,55.6823357114,7.97320870193,6.08340428133,7.08373839129,0.0440961654561,0.301568599067,0.75,0.99,0.0377276527431,0.0939952242745
