,ftype,K,d,c1,c2,c3,c4,c5,e11,e12,e21,e22,e31,e32,e41,e42,e51,e52,a1,lb1,ub1,lb2,ub2,rms_err,max_err
0,SMA,5,2,1.07890130498e-16,183977.689073,5.42067181933e-07,12486.2702896,1.2110800832e-14,-9.24074053886,9.20188274895,10.5053041785,6.33163517374,-6.7309022346,1342.11020577,8.29149315864,38.0228057309,-8.10100177707,25.6324321599,7.10365665072,0.0440961654561,0.254873630576,0.75,0.99,0.0498475884062,0.14554359887
