ub0,ub1,rms_err,e31,e30,e11,e10,ftype,lb1,lb0,K,a1,c3,c2,c1,c0,e21,e20,d,e00,e01,max_err
0.21029375510451834,0.98999999999999999,0.043979656865739861,1.1376269842783968,-0.85663751666743393,4.712520507332985,1.7795320169109634,MA,0.75,0.064773577481849989,4,1,0.012250006567766161,0.034630277449227843,8.3816131604181585,7.6735106381647054,4.2702397790392785,-0.52787189154678504,2,1.8509227389720748,1.3621526006719813,0.11948296576550277
