,ftype,K,d,c1,c2,c3,c4,c5,e11,e12,e21,e22,e31,e32,e41,e42,e51,e52,a1,lb1,ub1,lb2,ub2,rms_err,max_err
0,SMA,5,2,38137.1151638,32067.9281988,155739.775905,2.16229708069e-13,6.04287644025e-17,9.25540925223,22.5971640679,7.81450632789,298.493625181,10.8139574081,5.08115861964,-7.48574434807,58.8873160052,-9.612948874,12.2887654397,7.57207642208,0.0440961654561,0.267423481025,0.75,0.99,0.0496059460338,0.123475062247
