,ftype,K,d,c1,c2,c3,c4,c5,e11,e12,e21,e22,e31,e32,e41,e42,e51,e52,a1,lb1,ub1,lb2,ub2,rms_err,max_err
0,SMA,5,2,7.19493369885e-07,74.8870439183,6.35952024333e-10,5.45520543606,9.3511186311,-3.85742589692,48.6118528278,4.48751123083,56.5663581205,-5.91428691268,8.22557020683,3.79926902317,3.69303275433,3.64743013678,13.3077152221,5.55614706126,0.0440961654561,0.301568599067,0.75,0.99,0.0177385334647,0.0447797374032
