,ftype,K,d,c1,c2,c3,c4,c5,e11,e12,e21,e22,e31,e32,e41,e42,e51,e52,a1,lb1,ub1,lb2,ub2,rms_err,max_err
0,SMA,5,2,0.00986912421885,1.29634003764e-05,0.973154354993,2.13423548675,0.0116937409116,0.977659947237,37.3367603705,-1.64797629369,32.4661371437,-0.00771164829595,0.00661043449562,5.47948691646,1.07206978207,0.59570472979,4.80574870296,0.0153842127428,0.0440961654561,0.301568599067,0.75,0.99,0.00761547873299,0.0161400678129
