,ftype,K,d,c1,c2,c3,c4,c5,e11,e12,e21,e22,e31,e32,e41,e42,e51,e52,a1,lb1,ub1,lb2,ub2,rms_err,max_err
0,SMA,5,2,9805.77628354,2.22064683254e-14,7.39185738854e-17,2.22957860014e-05,49716.5169676,7.92163577969,43.210511922,-8.2189199988,30.681390657,-9.66124536474,10.4226530269,-6.57404138032,1595.51479326,9.64470765339,7.67031353936,7.60610321341,0.0440961654561,0.287416360812,0.75,0.99,0.0469304177155,0.128472888311
