,ftype,K,d,c1,c2,c3,c4,c5,e11,e12,e21,e22,e31,e32,e41,e42,e51,e52,a1,lb1,ub1,lb2,ub2,rms_err,max_err
0,SMA,5,2,0.05786951483,6.85655838924,0.00312498149317,0.0230952189008,0.669776208049,-0.220932689353,62.9468367786,3.06131922929,22.3077787249,-1.60652332745,0.847986925825,-0.662061176014,9.03817203938,0.462388720926,1.0462621426,1.25226142203,0.0440961654561,0.301568599067,0.75,0.99,0.011928169362,0.0261452171972
