,ftype,K,d,c1,c2,c3,c4,e11,e12,e21,e22,e31,e32,e41,e42,a1,lb1,ub1,lb2,ub2,rms_err,max_err
0,SMA,4,2,0.0793671927296,341.643423698,0.894424042836,0.0605815508896,-0.537381244468,0.189903230741,8.33746804952,9.62457864803,0.164108972298,0.179343370516,0.216530346405,25.1109398331,0.178025491039,0.0440961654561,0.301568599067,0.75,0.99,0.0114788039865,0.0287983088681
