,ftype,K,d,c1,c2,c3,c4,c5,e11,e12,e21,e22,e31,e32,e41,e42,e51,e52,a1,lb1,ub1,lb2,ub2,rms_err,max_err
0,SMA,5,2,6243.66815445,139366.320538,2.06102797046e-13,7.40702107609e-05,4.15255839653e-15,7.69767165564,35.1372906325,10.0056020607,5.63270329612,-7.2958710345,23.4564940446,-6.24316962834,1647.0572537,-8.24388327833,8.19891754953,6.29253363215,0.0440961654561,0.231513137534,0.75,0.99,0.0482226911193,0.150299170968
