,ftype,K,d,c1,c2,c3,c4,c5,e11,e12,e21,e22,e31,e32,e41,e42,e51,e52,a1,lb1,ub1,lb2,ub2,rms_err,max_err
0,SMA,5,2,1.76853957047,0.0201861869241,110.503825306,2.32722032606e-08,1.67380095435e-09,2.94811612837,6.22560612173,0.411324995298,39.2106916844,5.17370398532,42.181249097,-5.12800925682,53.8754206328,-5.68150385084,8.33117153001,6.00716632551,0.0440961654561,0.301568599067,0.75,0.99,0.0131932909554,0.0361059020248
