,ftype,K,d,c1,c2,c3,c4,e11,e12,e21,e22,e31,e32,e41,e42,a1,lb1,ub1,lb2,ub2,rms_err,max_err
0,SMA,4,2,1277.85329362,1364.42882733,1.87123764682e-13,6.80501724386e-10,6.92677139488,7.42142774579,6.28002190958,42.1318864986,-7.94856694564,10.9761775687,-5.63342422621,54.7159517024,6.65815605512,0.0440961654561,0.301568599067,0.75,0.99,0.0323311920259,0.0847448145113
