,ftype,K,d,c1,c2,c3,c4,c5,e11,e12,e21,e22,e31,e32,e41,e42,e51,e52,a1,lb1,ub1,lb2,ub2,rms_err,max_err
0,SMA,5,2,29.9887158063,16.3456253019,9.02156898147e-11,170.373915617,1.59159351015e-07,4.38568690776,14.0851408216,4.53963308225,3.99965518804,-6.41516025466,8.94013515312,4.99314163273,56.429655382,-4.23979294415,49.8269704663,5.83949734979,0.0440961654561,0.301568599067,0.75,0.99,0.020460645279,0.0557169052081
