,ftype,K,d,c1,c2,c3,c4,c5,e11,e12,e21,e22,e31,e32,e41,e42,e51,e52,a1,lb1,ub1,lb2,ub2,rms_err,max_err
0,SMA,5,2,0.150471564943,0.591784421099,0.000332139847375,0.217344510967,58.3965875494,0.569067312335,7.21722436535,-0.152124836098,0.158417850881,-1.59027337122,34.1511764287,1.26746773287,48.1677218256,5.91094477471,1.87947814089,0.313293047365,0.0440961654561,0.301568599067,0.75,0.99,0.00772993664929,0.0151986298875
