,ftype,K,d,c1,c2,c3,c4,c5,e11,e12,e21,e22,e31,e32,e41,e42,e51,e52,a1,lb1,ub1,lb2,ub2,rms_err,max_err
0,SMA,5,2,1.15340673015e-06,71724.2189337,3231.48769954,1.64266920122e-15,6.28981231785e-14,-7.04263972191,1561.8622015,10.1534866833,6.60197949458,7.84010676367,43.5151771297,-8.10396500813,7.4544023238,-7.39893695982,23.5106151084,5.90227771104,0.0440961654561,0.22064851472,0.75,0.99,0.0476023560846,0.113807464121
