,ftype,K,d,c1,c2,c3,c4,c5,e11,e12,e21,e22,e31,e32,e41,e42,e51,e52,a1,lb1,ub1,lb2,ub2,rms_err,max_err
0,SMA,5,2,115.881661075,1.23674457065e-11,352.868500496,2.86431092496e-08,41.1968978877,5.18691191409,13.5670769568,-6.91723216,9.61174086186,5.42514448737,57.9437961777,-4.68475275554,51.2105766246,5.32180627603,3.64309761199,6.10372040396,0.0440961654561,0.301568599067,0.75,0.99,0.0236619876356,0.0662202993483
