ub0,ub1,rms_err,e31,e30,e11,e10,ftype,c4,lb1,lb0,K,a1,c3,c2,c1,c0,e21,e40,e41,e20,d,e00,e01,max_err
0.2610731573912069,0.98999999999999999,0.019991338438389319,5.4789670313711376,0.41299659791163429,2.6256305006664,0.33068275686781567,MA,0.59251763857404005,0.75,0.064773577481849989,5,1,0.7931726682700817,0.23453047282783104,0.59304993136867101,0.035144932939220191,1.4600569795719152,0.40918916440455938,1.7729788397563766,-0.065974423513004546,2,-0.8857619323116821,1.3146595676933894,0.062219350338093227
