,ftype,K,d,c1,c2,c3,c4,c5,e11,e12,e21,e22,e31,e32,e41,e42,e51,e52,a1,lb1,ub1,lb2,ub2,rms_err,max_err
0,SMA,5,2,497.393506102,247.728619879,834.020186633,1.48314471591e-12,4.04127150484e-09,5.95468432103,21.6367810878,6.12772372184,5.53265172971,5.70523876976,148.228988508,-7.44408575077,10.3423151514,-5.19107366985,52.5620377519,6.39820712674,0.0440961654561,0.301568599067,0.75,0.99,0.0273936209123,0.0751838673627
