,ftype,K,d,c1,c2,c3,c4,c5,e11,e12,e21,e22,e31,e32,e41,e42,e51,e52,a1,lb1,ub1,lb2,ub2,rms_err,max_err
0,SMA,5,2,110.239239116,4.29514346173,0.919872104606,2.37207956989e-09,9.46534323601e-07,5.02865372268,47.9101671552,3.22593592504,5.66960680514,2.33701777463,29.9137978244,-5.57738193092,7.89420229709,-3.86256864849,50.6100448595,5.482649212,0.0440961654561,0.301568599067,0.75,0.99,0.0154770802356,0.036438135164
