,ftype,K,d,c1,c2,c3,c4,c5,e11,e12,e21,e22,e31,e32,e41,e42,e51,e52,a1,lb1,ub1,lb2,ub2,rms_err,max_err
0,SMA,5,2,5.73028771556,1.52918629113e-05,0.0500673646463,0.879902981013,0.0399528676343,5.16680019994,1.20235873435,-1.99086473284,35.2589765298,-0.245160767911,-0.441559821373,-0.00198009434501,0.10483835076,0.713301752285,24.5322376384,0.0596173946172,0.0440961654561,0.301568599067,0.75,0.99,0.00797622649413,0.0163464118607
