,ftype,K,d,c1,c2,c3,c4,c5,e11,e12,e21,e22,e31,e32,e41,e42,e51,e52,a1,lb1,ub1,lb2,ub2,rms_err,max_err
0,SMA,5,2,0.00022653562998,7.01469677938e-15,2.70341456038e-13,5007.56259101,122277.737037,-6.40947596056,1818.46523809,-8.01831735436,7.77862741232,-7.16722518797,22.716885236,7.62894213668,35.1669980764,9.94925526996,5.6007228074,6.0931723025,0.0440961654561,0.226015552419,0.75,0.99,0.0475419752205,0.134995235991
