,ftype,K,d,c1,c2,c3,c4,c5,e11,e12,e21,e22,e31,e32,e41,e42,e51,e52,a1,lb1,ub1,lb2,ub2,rms_err,max_err
0,MA,5,2,0.215852507658,0.230566006664,0.480122700241,0.997785064479,0.319208664979,-0.46122106595,0.813609346786,-0.485520242724,2.70005480168,0.0174559953584,1.35997131919,0.418244347082,4.57846914518,-0.344879697014,3.2736577707,1,0.0440961654561,0.301568599067,0.75,0.99,0.0113367430732,0.0275873767228
