,ftype,K,d,c1,c2,c3,c4,c5,e11,e12,e21,e22,e31,e32,e41,e42,e51,e52,a1,lb1,ub1,lb2,ub2,rms_err,max_err
0,SMA,5,2,4.71883600308,1.9220140772e-05,0.0322960770348,0.856233954593,0.0893253675632,5.19995058677,1.1066276178,-1.86870621884,32.0545410925,0.81419183503,27.4988061566,-0.0320740807171,-0.0107730640146,0.194684495709,1.00629426968,0.0469801079889,0.0440961654561,0.301568599067,0.75,0.99,0.00775479864738,0.0164443652284
