,ftype,K,d,c1,c2,c3,c4,e11,e12,e21,e22,e31,e32,e41,e42,a1,lb1,ub1,lb2,ub2,rms_err,max_err
0,SMA,4,2,0.509096467544,0.441803327315,0.54996401459,0.000756571599382,4.66169243242,5.80057891389,0.00143801307715,0.119143552822,-0.00562577760294,-0.0829481008436,-0.0458146798869,34.0033531983,0.00543464502002,0.0440961654561,0.301568599067,0.75,0.99,0.0116052455887,0.0278373034143
