,ftype,K,d,c1,c2,c3,c4,c5,e11,e12,e21,e22,e31,e32,e41,e42,e51,e52,a1,lb1,ub1,lb2,ub2,rms_err,max_err
0,SMA,5,2,0.113548455823,13.156850391,0.0106989214457,0.390642852049,0.485992274421,-0.223032604024,-0.100754507556,6.88950330464,3.4947511037,0.377778641724,34.1997638109,0.0643442338731,-0.246954166328,0.0253756408019,0.313910684431,0.0276813950776,0.0440961654561,0.301568599067,0.75,0.99,0.00984193428935,0.0241696965096
