,ftype,K,d,c1,c2,c3,c4,c5,e11,e12,e21,e22,e31,e32,e41,e42,e51,e52,a1,lb1,ub1,lb2,ub2,rms_err,max_err
0,SMA,5,2,0.926965786759,4.49768530294,0.0151272186801,1.36553546731e-05,0.0338738068925,-0.00447914118755,0.0685711916148,5.11044937135,1.10897478688,-0.403963312437,-0.485488346931,-1.95734700695,34.7385101466,0.667838534656,23.2950095688,0.0511113573624,0.0440961654561,0.301568599067,0.75,0.99,0.00822796486899,0.0169725489999
