,ftype,K,d,c1,c2,c3,c4,e11,e12,e21,e22,e31,e32,e41,e42,a1,lb1,ub1,lb2,ub2,rms_err,max_err
0,SMA,4,2,0.973427243847,0.352678378026,0.00332931150179,0.628562919528,4.56312570046,4.23827204535,-0.0122802762776,-0.193691172106,0.310804798487,36.5407163465,-0.0021666780402,0.134637043998,0.012775388138,0.0440961654561,0.301568599067,0.75,0.99,0.0109382336285,0.029503729043
