,ftype,K,d,c1,c2,c3,c4,c5,e11,e12,e21,e22,e31,e32,e41,e42,e51,e52,a1,lb1,ub1,lb2,ub2,rms_err,max_err
0,SMA,5,2,1.3845121171,4.77867193166,0.00431419907623,0.515308360808,0.000198254482089,-1.03633735922,606.472248416,2.45636117664,29.7842872943,-1.24141978741,13.7877937831,0.699513456453,2.14124456067,-2.43324532081,1.98980664908,2.26625627034,0.0440961654561,0.301568599067,0.75,0.99,0.0122409475596,0.0265408061337
