,ftype,K,d,c1,c2,c3,c4,c5,e11,e12,e21,e22,e31,e32,e41,e42,e51,e52,a1,lb1,ub1,lb2,ub2,rms_err,max_err
0,SMA,5,2,2.72204549712e-13,2.47334417378e-16,5338.46851246,3.23293342877e-14,121351.285098,-7.28219586023,71.3672624826,-8.50527267201,4.95029528729,7.97683301762,39.4585474247,-7.58807190401,16.3429612204,10.2839786911,6.17094485042,6.14626698308,0.0440961654561,0.226015552419,0.75,0.99,0.0494991521616,0.13925589742
