ub0,ub1,rms_err,e31,e30,e11,e10,ftype,c4,lb1,lb0,K,a1,c3,c2,c1,c0,e21,e40,e41,e20,d,e00,e01,max_err
0.2610731573912069,0.98999999999999999,0.0043468987288332091,45.200010659933589,0.17144270284806998,30.441719248639984,7.1798066072375812,SMA,3.5012369312508305e-05,0.75,0.064773577481849989,5,1.3998040083755015,0.018053010650050036,0.031817326238245847,163.34509633505252,0.26843918872115918,-0.88260116659503418,-1.9236013358351645,2.6773120144241269,0.76017983727574412,2,1.1799081818382715,3.5052449992560737,0.016263697880777972
