,ftype,K,d,c1,c2,c3,c4,c5,e11,e12,e21,e22,e31,e32,e41,e42,e51,e52,a1,lb1,ub1,lb2,ub2,rms_err,max_err
0,MA,5,2,0.030710664675,4.23389578774,0.00708230931242,4.73262203613,0.162105423571,-0.890443099719,6.83444782842,1.17256006176,3.7435093764,-1.30792231814,1.77750836999,1.34745521514,1.02470513675,-0.107104335473,1.61965221168,1,0.0440961654561,0.273928269449,0.75,0.99,0.0473409149771,0.125606578674
