,ftype,K,d,c1,c2,c3,c4,c5,e11,e12,e21,e22,e31,e32,e41,e42,e51,e52,a1,lb1,ub1,lb2,ub2,rms_err,max_err
0,SMA,5,2,11482.8563131,8087.67123916,10401.9630382,4.60119935401e-12,7.03035391734e-16,8.9155534028,6.30002116016,8.02721245848,23.6787666288,6.82522932939,286.901009622,-6.90555594872,56.8203797638,-9.28247370382,12.2081358971,7.46107928016,0.0440961654561,0.301568599067,0.75,0.99,0.0444308479329,0.114934844044
