ub0,ub1,rms_err,e31,e30,e11,e10,ftype,c4,lb1,lb0,K,a1,c3,c2,c1,c0,e21,e40,e41,e20,d,e00,e01,max_err
0.2610731573912069,0.98999999999999999,0.0063217995479507415,-1.5449970330775671,-6.531740313133561,1.1968867661703586,0.1604178780391598,SMA,0.50479357418283721,0.75,0.064773577481849989,5,0.15528970006072268,1.3377125632588892e-10,0.035974277013380976,0.40372366229410583,0.00086967768065910223,41.321538027915629,0.10323050254829311,-0.31914735325102378,0.11798631857671146,2,-1.0046417482606569,7.1136143575231729,0.027184533287457846
