,ftype,K,d,c1,c2,c3,c4,c5,e11,e12,e21,e22,e31,e32,e41,e42,e51,e52,a1,lb1,ub1,lb2,ub2,rms_err,max_err
0,SMA,5,2,0.0800885118998,0.0935797830319,28.1581070324,0.0156931052512,0.815875471897,-0.326745798878,-0.122588039676,0.157730709556,-0.927136364067,7.19085988964,5.61095623065,0.306372317705,33.663285927,0.0429761715173,0.19814362013,0.0450653969861,0.0440961654561,0.301568599067,0.75,0.99,0.0104266251529,0.0251444469345
