ub0,ub1,rms_err,e31,e30,e11,e10,ftype,c4,lb1,lb0,K,a1,c3,c2,c1,c0,e21,e40,e41,e20,d,e00,e01,max_err
0.22064851471995206,0.98999999999999999,0.048236637047244554,5.2350349930287905,0.33023915165734036,1.3679529948518268,1.7711739211882338,MA,0.24568190265478929,0.75,0.064773577481849989,5,1,0.29429538942178934,6.3461633849229244,6.9187592321425848,0.056100354065838361,4.7315952577097713,0.31626465609455451,2.2827272316848868,1.5998392140462627,2,-0.21619971691060655,1.4057335577250953,0.11155259695311492
