,ftype,K,d,c1,c2,c3,c4,e11,e12,e21,e22,e31,e32,e41,e42,a1,lb1,ub1,lb2,ub2,rms_err,max_err
0,SMA,4,2,1.25258875958e-12,112121.02322,4730.47861963,1.55857032818e-14,-6.89606064091,53.5336712476,10.0336249301,5.77570811913,7.73674736603,35.9148763395,-7.86219809753,10.0548326769,6.05877113672,0.0440961654561,0.226015552419,0.75,0.99,0.048893877175,0.138274873186
