,ftype,K,d,c1,c2,c3,c4,c5,e11,e12,e21,e22,e31,e32,e41,e42,e51,e52,a1,lb1,ub1,lb2,ub2,rms_err,max_err
0,SMA,5,2,0.189523438699,0.00767630170386,0.0618168722572,5.57097664943,0.739307049384,-0.143739215925,-0.0225245450589,0.403110973319,35.0545761439,0.0495769780061,1.04684502355,6.35216763574,2.50287286916,0.0422179706542,-0.0311378404665,0.0199826151665,0.0440961654561,0.301568599067,0.75,0.99,0.00945003161825,0.0235373144681
