,ftype,K,d,c1,c2,c3,c4,c5,e11,e12,e21,e22,e31,e32,e41,e42,e51,e52,a1,lb1,ub1,lb2,ub2,rms_err,max_err
0,SMA,5,2,5.48468454625e-14,90768.7495588,4322.32233749,1.34700410317e-05,1.26543636892e-15,-7.44049827662,23.8476822141,10.2420506614,6.39346974048,7.956216531,41.8850683386,-7.26110426794,1867.40277137,-8.23750376744,7.81338341705,6.06527556685,0.0440961654561,0.226015552419,0.75,0.99,0.049996809215,0.138814786255
