,ftype,K,d,c1,c2,c3,c4,e11,e12,e21,e22,e31,e32,e41,e42,a1,lb1,ub1,lb2,ub2,rms_err,max_err
0,SMA,4,2,0.505731416204,0.484807461085,0.397818118313,0.00181326140625,0.00149062359792,0.114385932528,-0.00745780277853,-0.10220329048,4.38694770393,3.75658249055,0.331527943206,34.4942216547,0.00645977396878,0.0440961654561,0.301568599067,0.75,0.99,0.0105307688612,0.0286118650209
