,ftype,K,d,c1,c2,c3,c4,c5,e11,e12,e21,e22,e31,e32,e41,e42,e51,e52,a1,lb1,ub1,lb2,ub2,rms_err,max_err
0,SMA,5,2,0.917072050219,5.54402725924e-05,5.66234666508,0.0398488029055,0.0221902545227,0.00284999706854,0.079407665968,-1.54678092358,30.3678442443,5.25659608692,1.00671817797,0.670330915113,22.8449433307,-0.420863737926,-0.320037686498,0.0596639279706,0.0440961654561,0.301568599067,0.75,0.99,0.00848409673509,0.0171042787798
