,ftype,K,d,c1,c2,c3,c4,c5,e11,e12,e21,e22,e31,e32,e41,e42,e51,e52,a1,lb1,ub1,lb2,ub2,rms_err,max_err
0,SMA,5,2,8504.79284277,1.37017854349e-15,45763.8989582,6477.711431,1.08494368314e-13,8.94195528588,22.4223406064,-8.24866730808,10.5720599918,10.5052796126,5.15913686561,7.39725790199,305.228573308,-7.41559495176,51.5362552013,6.055477063,0.0440961654561,0.226015552419,0.75,0.99,0.049019459791,0.127685486543
