ub0,ub1,rms_err,e31,e30,e11,e10,ftype,c4,lb1,lb0,K,a1,c3,c2,c1,c0,e21,e40,e41,e20,d,e00,e01,max_err
0.21540892441747464,0.98999999999999999,0.049901826336573744,1.4185936604575444,2.3444414857637725,9.1021148021821165,1.5834301983396273,MA,0.18761909215479475,0.75,0.064773577481849989,5,1,16.109696586138533,7.838697077208753,6.3670217214168714,0.045424974595360157,1.6020705468069645,0.14891961908172024,4.8982675158541378,1.8139596637110724,2,-0.31703437147797686,1.4197587564500638,0.12950111533682673
