,ftype,K,d,c1,c2,c3,c4,c5,e11,e12,e21,e22,e31,e32,e41,e42,e51,e52,a1,lb1,ub1,lb2,ub2,rms_err,max_err
0,SMA,5,2,0.0128592490723,0.492258441642,0.30455556172,0.187052739531,9.3834839622,0.38854313438,34.672496818,0.0476474314205,-0.203576806261,0.0724684427145,0.528794327264,-0.180958085974,0.015668381371,6.34907017981,2.43231283641,0.0341615354826,0.0440961654561,0.301568599067,0.75,0.99,0.00946182799265,0.0235356281619
