ub0,ub1,rms_err,e31,e30,e11,e10,ftype,c4,lb1,lb0,K,a1,c3,c2,c1,c0,e21,e40,e41,e20,d,e00,e01,max_err
0.2610731573912069,0.98999999999999999,0.0067260421911476739,0.96435468921904743,-0.36367228660411394,1.1417145347656175,-0.34665437307688579,MA,0.38096897515710842,0.75,0.064773577481849989,5,1,0.29911504293886454,0.50178457197134452,0.3195804593659976,0.51693668755058164,1.2687157059502328,-0.30262835969988955,2.6006068418655408,-0.038170533023881674,2,-0.13284002603997269,3.7814100187896753,0.014228436132474154
