,ftype,K,d,c1,c2,c3,c4,c5,e11,e12,e21,e22,e31,e32,e41,e42,e51,e52,a1,lb1,ub1,lb2,ub2,rms_err,max_err
0,SMA,5,2,0.417722366948,3.99318920008e-07,0.0323277989641,79.5979577023,1.27823768842e-07,1.76321627799,5.17941135758,-4.3299391115,51.3133840776,0.160684174198,35.1916195935,5.078419686,39.296148955,-4.52729700962,6.61714929016,5.12341188394,0.0440961654561,0.301568599067,0.75,0.99,0.0118180803618,0.0317613118278
