,ftype,K,d,c1,c2,c3,c4,c5,e11,e12,e21,e22,e31,e32,e41,e42,e51,e52,a1,lb1,ub1,lb2,ub2,rms_err,max_err
0,SMA,5,2,45766.4161407,1.36995526394e-15,38107.4887346,1.08479923925e-13,8504.97689082,10.5053271374,5.15918596774,-8.24870657197,10.5721074844,7.39729512197,481.542724536,-7.41562788054,51.5363804063,8.94197914285,22.4225782823,6.05550581362,0.0440961654561,0.226015552419,0.75,0.99,0.0490194582706,0.127685396692
