,ftype,K,d,c1,c2,c3,c4,e11,e12,e21,e22,e31,e32,e41,e42,a1,lb1,ub1,lb2,ub2,rms_err,max_err
0,SMA,4,2,1.41117370865e-14,4863.30256026,1.15047360017e-12,116244.57093,-7.88664904883,10.0865547085,7.7607590362,35.9812571955,-6.91781911567,53.6154875502,10.0646106356,5.79681986249,6.07808636391,0.0440961654561,0.226015552419,0.75,0.99,0.0488938838329,0.138248359635
