,ftype,K,d,c1,c2,c3,c4,c5,e11,e12,e21,e22,e31,e32,e41,e42,e51,e52,a1,lb1,ub1,lb2,ub2,rms_err,max_err
0,SMA,5,2,3.82372947717e-14,2.03832013096e-12,6743.4335881,149424.509931,4.81837677682e-16,-7.68568947459,16.7612626794,-6.75521090002,78.9981425132,7.89275756062,35.9164103438,10.2077633078,5.77288105849,-8.51637259802,5.69091632217,6.31544681616,0.0440961654561,0.231513137534,0.75,0.99,0.0499997540985,0.156785777797
