,ftype,K,d,c1,c2,c3,c4,c5,e11,e12,e21,e22,e31,e32,e41,e42,e51,e52,a1,lb1,ub1,lb2,ub2,rms_err,max_err
0,SMA,5,2,74.877532636,9.3467467793,7.19296747842e-07,5.44704962906,6.35674708764e-10,4.48729912642,56.5285000482,3.64721907913,13.2912431433,-3.85750897517,48.6125294634,3.79957846869,3.68863408768,-5.91440331331,8.22565289886,5.55626422821,0.0440961654561,0.301568599067,0.75,0.99,0.0177385347466,0.0447917850026
