,ftype,K,d,c1,c2,c3,c4,c5,e11,e12,e21,e22,e31,e32,e41,e42,e51,e52,a1,lb1,ub1,lb2,ub2,rms_err,max_err
0,SMA,5,2,0.0221688522768,0.917177409809,0.0397934222315,5.65429586341,5.53445160311e-05,-0.420794284733,-0.320076202831,0.00284818110909,0.0792960280199,0.670313871175,22.8445626807,5.25654674535,1.00660361112,-1.54686284577,30.3691186848,0.0595787988054,0.0440961654561,0.301568599067,0.75,0.99,0.00848408113694,0.0171041999898
