,ftype,K,d,c1,c2,c3,c4,e11,e12,e21,e22,e31,e32,e41,e42,a1,lb1,ub1,lb2,ub2,rms_err,max_err
0,SMA,4,2,0.974733669213,0.00333344861402,0.358465915802,0.62275059487,4.5631307544,4.23828670867,0.310792828232,36.543834786,-0.0122132954546,-0.191251723338,-0.00212328592367,0.136330214238,0.012792640338,0.0440961654561,0.301568599067,0.75,0.99,0.0109382467928,0.0295037564299
