ub0,ub1,rms_err,e31,e30,e11,e10,ftype,c4,lb1,lb0,K,a1,c3,c2,c1,c0,e21,e40,e41,e20,d,e00,e01,max_err
0.2610731573912069,0.98999999999999999,0.008146558468936832,3.1723750842644609,2.1480463411904718,15.586160898873004,-0.39356526152737453,SMA,26.935942686294709,0.75,0.064773577481849989,5,3.4760168375717559,1.6708202203937437,1.3428401819978143e-07,0.016600207537081794,0.0027827356333058493,8.930193436224668,3.8698913947569298,40.33162642399661,-4.5389056587693029,2,-1.3271548171376251,66.546091360455137,0.023150679138087105
