ub0,ub1,rms_err,e31,e30,e11,e10,ftype,c4,lb1,lb0,K,a1,c3,c2,c1,c0,e21,e40,e41,e20,d,e00,e01,max_err
0.2610731573912069,0.98999999999999999,0.012146102864495313,9392.1867347010011,-3.4380340949732906,9.6910688073064648,-3.1629019842174397,SMA,0.0038278174695330386,0.75,0.064773577481849989,5,5.7984724240284624,2.7701052608080697e+35,3.0252030300563985e-06,1.0849673750718296e-06,412.46070559360959,30.894744709004751,2.6567875019275755,7.6263187161075505,-3.837871740315467,2,9.4165340997078939,56.400786718945533,0.035502906748593688
