,ftype,K,d,c1,c2,c3,c4,c5,e11,e12,e21,e22,e31,e32,e41,e42,e51,e52,a1,lb1,ub1,lb2,ub2,rms_err,max_err
0,SMA,5,2,0.217874538146,0.59100642035,58.5093512684,0.000332812936037,0.150662008992,1.26769426701,48.1658838468,-0.152506534987,0.158818581801,5.91091851358,1.8807245168,-1.59044526791,34.1543691115,0.568706028396,7.21816357418,0.314080905472,0.0440961654561,0.301568599067,0.75,0.99,0.00772993581272,0.0152014047528
