,ftype,K,d,c1,c2,c3,c4,c5,e11,e12,e21,e22,e31,e32,e41,e42,e51,e52,a1,lb1,ub1,lb2,ub2,rms_err,max_err
0,SMA,5,2,247.662848106,4.04166699474e-09,1.48328673954e-12,497.257456516,825.878079821,6.12771449976,5.53182800327,-5.19104585657,52.5622236404,-7.44406077034,10.3422846401,5.95469718418,21.6303502894,5.70535219524,147.183096164,6.39818279588,0.0440961654561,0.301568599067,0.75,0.99,0.0273936217965,0.0751849037665
