ub0,ub1,rms_err,e31,e30,e11,e10,ftype,c4,lb1,lb0,K,a1,c3,c2,c1,c0,e21,e40,e41,e20,d,e00,e01,max_err
0.2610731573912069,0.98999999999999999,0.030290946280702093,1.7021950819066656,-1.2571579729837512,1.3331406054823549,-0.37270191941200986,MA,1.429449798386849,0.75,0.064773577481849989,5,1,0.012105126389403484,1.0236175735742881,0.085970865975327812,0.24795212725019919,7.2381198705274619,1.1387293542630723,1.8060599666350312,0.6926757439384672,2,0.038494539905247531,3.4659725293961015,0.071843768403927477
