,ftype,K,d,c1,c2,c3,c4,c5,e11,e12,e21,e22,e31,e32,e41,e42,e51,e52,a1,lb1,ub1,lb2,ub2,rms_err,max_err
0,MA,5,2,0.0199636435535,0.117828474856,0.00491254936999,5.42026039213,6.73249901489,-0.977543910251,6.13981257352,-0.164936273562,1.69092009326,-1.36311607042,1.66857600758,1.35862099069,3.8925552668,1.58535923439,1.02892532036,1,0.0440961654561,0.231513137534,0.75,0.99,0.0479716765956,0.139411340528
