,ftype,K,d,c1,c2,c3,c4,c5,e11,e12,e21,e22,e31,e32,e41,e42,e51,e52,a1,lb1,ub1,lb2,ub2,rms_err,max_err
0,SMA,5,2,0.0571441304146,0.0753667957231,0.862184941583,12.1167514751,0.00140671499233,-0.398908006224,-0.189349487312,0.875360640225,25.0320029633,0.0298306973582,0.144542329748,5.66110320586,0.891888969263,-0.736484172241,22.6058381644,0.0983573556891,0.0440961654561,0.301568599067,0.75,0.99,0.00876625853311,0.0175253508176
