,ftype,K,d,c1,c2,c3,c4,c5,e11,e12,e21,e22,e31,e32,e41,e42,e51,e52,a1,lb1,ub1,lb2,ub2,rms_err,max_err
0,SMA,5,2,0.0500665538297,5.73082854811,0.0399567596799,0.879896868268,1.52934190935e-05,-0.245172238385,-0.441574755458,5.16679714816,1.2023700115,0.713301761662,24.5322500126,-0.00198130126926,0.104846685756,-1.99086490973,35.2589588068,0.0596234057703,0.0440961654561,0.301568599067,0.75,0.99,0.00797622717914,0.0163464269748
