,ftype,K,d,c1,c2,c3,c4,c5,e11,e12,e21,e22,e31,e32,e41,e42,e51,e52,a1,lb1,ub1,lb2,ub2,rms_err,max_err
0,SMA,5,2,0.00312503256297,0.669778764389,0.0578779294075,0.023094614798,6.85725364933,-1.60651766965,0.847971272498,0.462382524713,1.0462572694,-0.220869343844,62.9455315322,-0.662070494546,9.03823020179,3.06143034004,22.3071197764,1.25224779797,0.0440961654561,0.301568599067,0.75,0.99,0.0119281693906,0.0261454456471
