,ftype,K,d,c1,c2,c3,c4,c5,e11,e12,e21,e22,e31,e32,e41,e42,e51,e52,a1,lb1,ub1,lb2,ub2,rms_err,max_err
0,SMA,5,2,166138.196511,2.75028096153e-06,15013.7689578,3.03921497471e-17,4.96004115653e-15,10.5047746399,6.86219017982,-6.80152914417,1521.1835185,8.38519659789,40.6266745859,-9.66457340364,9.80335682496,-8.42705184721,27.4454788063,7.4778605143,0.0440961654561,0.267423481025,0.75,0.99,0.0498097217189,0.125189091355
