,ftype,K,d,c1,c2,c3,c4,c5,e11,e12,e21,e22,e31,e32,e41,e42,e51,e52,a1,lb1,ub1,lb2,ub2,rms_err,max_err
0,SMA,5,2,5.28803893015e-16,72522.9905828,3.39579984115e-14,3236.95281284,3.55674481011e-13,-8.25539964874,5.56850564185,10.1632541318,6.60661614669,-7.52624150367,18.1243075644,7.84299335281,43.6157003872,-7.13660140811,77.3912701019,5.9076601859,0.0440961654561,0.22064851472,0.75,0.99,0.0475952503223,0.113521736765
