ub0,ub1,rms_err,e31,e30,e11,e10,ftype,c4,lb1,lb0,K,a1,c3,c2,c1,c0,e21,e40,e41,e20,d,e00,e01,max_err
0.2610731573912069,0.98999999999999999,0.016720905846865794,139.53428485723981,-18.211134535752045,59.970091254000366,30.931200615739407,SMA,745844786.25586331,0.75,0.064773577481849989,5,25.446896106781981,2.8188501942237555e-39,103447644.48494074,178272246.04798111,1.6493737184791912e-48,31.536715978337167,29.020134177619816,160.61676082337013,33.107592363891449,2,-24.046859533916699,39.966157321365131,0.040605687848657812
