,ftype,K,d,c1,c2,c3,c4,c5,e11,e12,e21,e22,e31,e32,e41,e42,e51,e52,a1,lb1,ub1,lb2,ub2,rms_err,max_err
0,SMA,5,2,170.30522532,1.59204698097e-07,9.02475918649e-11,16.3161981204,30.0003544997,4.99273770598,56.4145322871,-4.23970994222,49.8249881242,-6.41506254602,8.9398753083,4.53962311786,3.99489939312,4.38574916018,14.0714986632,5.83937826559,0.0440961654561,0.301568599067,0.75,0.99,0.0204606453763,0.0557182671011
