,ftype,K,d,c1,c2,c3,c4,c5,e11,e12,e21,e22,e31,e32,e41,e42,e51,e52,a1,lb1,ub1,lb2,ub2,rms_err,max_err
0,SMA,5,2,4883.87684763,108009.758313,2.04097361408e-15,2.11607543722e-06,9.80793759816e-14,7.89965063986,39.2233218905,10.1815034374,6.11094455605,-8.15997680031,7.52119184952,-7.15446178743,1630.23685319,-7.32563056333,22.9081659713,6.08464053351,0.0440961654561,0.226015552419,0.75,0.99,0.0495181926054,0.139628195363
