,ftype,K,d,c1,c2,c3,c4,c5,e11,e12,e21,e22,e31,e32,e41,e42,e51,e52,a1,lb1,ub1,lb2,ub2,rms_err,max_err
0,SMA,5,2,1.76849872918,0.0203152236061,1.67675433928e-09,110.688593317,2.34120957131e-08,2.94786445958,6.22473220601,0.414087489481,39.2008908286,-5.68102942298,8.33035584601,5.17504024602,42.181263357,-5.12609360271,53.8717085544,6.00653560687,0.0440961654561,0.301568599067,0.75,0.99,0.0131932920187,0.0361044394924
