,ftype,K,d,c1,c2,c3,c4,c5,e11,e12,e21,e22,e31,e32,e41,e42,e51,e52,a1,lb1,ub1,lb2,ub2,rms_err,max_err
0,SMA,5,2,1.65464157189e-14,3.0837002096e-05,90270.2085705,11043.7448565,8.2501214514e-17,-8.20984083268,29.523473532,-6.55174762766,1647.09420095,10.0078459263,7.08937890773,8.05048949543,41.4366569376,-9.52687660527,10.0595741397,7.43422126665,0.0440961654561,0.273928269449,0.75,0.99,0.0471852637044,0.119881997936
