,ftype,K,d,c1,c2,c3,c4,c5,e11,e12,e21,e22,e31,e32,e41,e42,e51,e52,a1,lb1,ub1,lb2,ub2,rms_err,max_err
0,SMA,5,2,28.6487846736,0.014946933082,0.00538705488131,0.898794194002,0.0853936190966,7.20380468237,5.58363458783,0.2619877109,32.5196015695,0.356525147038,-3.90967510163,0.0549382914601,0.103877573358,-0.321979496853,-0.0732197913738,0.0451237431541,0.0440961654561,0.301568599067,0.75,0.99,0.0104215614826,0.0248837188956
