,ftype,K,d,c1,c2,c3,c4,c5,e11,e12,e21,e22,e31,e32,e41,e42,e51,e52,a1,lb1,ub1,lb2,ub2,rms_err,max_err
0,SMA,5,2,0.444765984544,0.0100287413677,0.109978526693,12.2842853699,0.436095037948,0.0212951126122,0.325154737904,0.380122619724,34.1611246678,-0.21997006327,-0.104090396508,6.89088761365,3.48128263833,0.0597503228939,-0.210103988035,0.0258067999699,0.0440961654561,0.301568599067,0.75,0.99,0.00984110777505,0.0241632514653
