ub0,ub1,rms_err,e31,e30,e11,e10,ftype,c4,lb1,lb0,K,a1,c3,c2,c1,c0,e21,e40,e41,e20,d,e00,e01,max_err
0.2610731573912069,0.98999999999999999,0.013734663758651667,0.90229562437119759,-0.5339422086908544,4.006171968819638,-0.22443275051958711,MA,0.2531113657179106,0.75,0.064773577481849989,5,1,0.20924627115554462,0.16579040517794433,0.42114349270084078,0.3010769650823375,0.84651388170597797,-0.4757406058457691,1.4525311531421599,-0.60365523064250715,2,-0.42139583382099677,2.9931943537912149,0.034756872449995813
