,ftype,K,d,c1,c2,c3,c4,e11,e12,e21,e22,e31,e32,e41,e42,a1,lb1,ub1,lb2,ub2,rms_err,max_err
0,SMA,4,2,1.58332192263,0.49694845729,0.00716275664239,0.465392207655,4.38663890742,3.79080507264,-0.020320323449,-0.177801083495,0.325563196825,34.5955089825,-0.0024324749676,0.259915520257,0.0260843496229,0.0440961654561,0.301568599067,0.75,0.99,0.0105364827979,0.0286683154398
