,ftype,K,d,c1,c2,c3,c4,e11,e12,e21,e22,e31,e32,e41,e42,a1,lb1,ub1,lb2,ub2,rms_err,max_err
0,SMA,4,2,0.486652937416,0.00206950818154,2.04871227993e-05,6.03977015817,1.00474699753,3.32714654754,-1.56342348671,33.7087894864,-3.12272571734,3.79984317311,2.67705140858,35.1738176709,3.18040823804,0.0440961654561,0.301568599067,0.75,0.99,0.0126220982229,0.0298916251577
