,ftype,K,d,c1,c2,c3,c4,e11,e12,e21,e22,e31,e32,e41,e42,a1,lb1,ub1,lb2,ub2,rms_err,max_err
0,SMA,4,2,341.71399257,0.894416245659,0.0606174525211,0.0793494798414,8.33699012236,9.62568722322,0.16418305015,0.179473445889,0.216499797771,25.1113707818,-0.537528632666,0.190043079824,0.178155660942,0.0440961654561,0.301568599067,0.75,0.99,0.0114788034114,0.028798235588
