ub0,ub1,rms_err,e31,e30,e11,e10,ftype,c4,lb1,lb0,K,a1,c3,c2,c1,c0,e21,e40,e41,e20,d,e00,e01,max_err
0.2610731573912069,0.98999999999999999,0.02490473538044748,1.2191520608506341,1.4820513209469988,5.2257928489450096,1.2907651689837356,MA,0.031101309687673804,0.75,0.064773577481849989,5,1,3.1660085314786359,0.017441705137055171,3.0167915826993692,3.1615747986301983,1.6434744460685158,-0.68309275427049776,6.4342683518438104,-0.78349280887697514,2,1.4228076362917286,1.8694597302127114,0.079999584760327647
