,ftype,K,d,c1,c2,c3,c4,c5,e11,e12,e21,e22,e31,e32,e41,e42,e51,e52,a1,lb1,ub1,lb2,ub2,rms_err,max_err
0,SMA,5,2,0.856194123051,4.72014844637,0.0893499981094,1.92255890532e-05,0.0323050493873,-0.0320834343102,-0.0107770219527,5.1999524904,1.10665355437,0.194674138587,1.00628235433,-1.86870718507,32.0545779889,0.814191610927,27.4987842035,0.0469934653399,0.0440961654561,0.301568599067,0.75,0.99,0.00775480010577,0.0164443919162
