,ftype,K,d,c1,c2,c3,c4,e11,e12,e21,e22,e31,e32,e41,e42,a1,lb1,ub1,lb2,ub2,rms_err,max_err
0,SMA,4,2,2.83634125696,0.392684558222,0.55759291837,0.00757510809562,4.63657100892,4.76643975801,-0.0234873532099,-0.258795430114,-0.0100614504097,0.255712257529,0.227610775899,35.1569989039,0.0339871941072,0.0440961654561,0.301568599067,0.75,0.99,0.0112400311698,0.0284978773389
