,ftype,K,d,c1,c2,c3,c4,c5,e11,e12,e21,e22,e31,e32,e41,e42,e51,e52,a1,lb1,ub1,lb2,ub2,rms_err,max_err
0,SMA,5,2,3429185.8107,6.58562320734e-16,4.37061148171e-12,11729.3001801,8159.05942522,6.8520338504,859.355907028,-9.29953708,12.2339949897,-6.91945708043,56.9160756638,8.93523034728,6.31241792904,8.03909181615,23.6648112245,7.47635075908,0.0440961654561,0.301568599067,0.75,0.99,0.0444307042201,0.114825233192
