,ftype,K,d,c1,c2,c3,c4,c5,e11,e12,e21,e22,e31,e32,e41,e42,e51,e52,a1,lb1,ub1,lb2,ub2,rms_err,max_err
0,SMA,5,2,4374.10176804,2.46087981577e-16,2.42649652447e-14,93098.7735198,1.90519755393e-13,7.96779024206,41.9950853623,-8.48765300936,5.45177137456,-7.61541974289,16.9938922263,10.2644094846,6.40182563532,-7.35204472723,72.4734219014,6.07755035622,0.0440961654561,0.226015552419,0.75,0.99,0.0499812957828,0.138466650955
