,ftype,K,d,c1,c2,c3,c4,c5,e11,e12,e21,e22,e31,e32,e41,e42,e51,e52,a1,lb1,ub1,lb2,ub2,rms_err,max_err
0,SMA,5,2,3622.02697896,13138.2524031,5.31026009139e-11,1.05473142945e-14,3309.76100055,7.37100434136,22.4843996175,6.34546162193,357.831152913,-6.2899495225,55.6885997439,-8.64591915632,11.6781470949,7.97595125917,6.09145840092,7.08713850948,0.0440961654561,0.301568599067,0.75,0.99,0.0377276388057,0.0940558708253
