,ftype,K,d,c1,c2,c3,c4,c5,e11,e12,e21,e22,e31,e32,e41,e42,e51,e52,a1,lb1,ub1,lb2,ub2,rms_err,max_err
0,SMA,5,2,1.36536366864e-05,4.49715899827,0.0338699509089,0.0151258157684,0.926973822665,-1.95734905047,34.7385486095,5.11044658826,1.1089655205,0.667838811624,23.2949897127,-0.403959197836,-0.485491743561,-0.00447854916663,0.0685631918759,0.0511053214323,0.0440961654561,0.301568599067,0.75,0.99,0.00822796387547,0.016972542093
