,ftype,K,d,c1,c2,c3,c4,c5,e11,e12,e21,e22,e31,e32,e41,e42,e51,e52,a1,lb1,ub1,lb2,ub2,rms_err,max_err
0,SMA,5,2,13.3466712674,0.645307594956,4.78777449153e-05,0.22241165126,0.0849793446539,5.35726927586,1.56992876775,-0.0752743737956,-0.0880581064763,-1.85787043587,35.1409824318,0.0789652291591,0.985389491381,0.959315228378,27.9737284416,0.110116579843,0.0440961654561,0.301568599067,0.75,0.99,0.00769340503547,0.0157528800645
