,ftype,K,d,c1,c2,c3,c4,e11,e12,e21,e22,e31,e32,e41,e42,a1,lb1,ub1,lb2,ub2,rms_err,max_err
0,SMA,4,2,6.66752721086e-10,1.8238678691e-13,1374.40577919,1286.37223207,-5.63906817556,54.7458110897,-7.95537138531,10.9869233399,6.28586325653,42.1517176028,6.93325402046,7.4288330503,6.66460082346,0.0440961654561,0.301568599067,0.75,0.99,0.0323311918649,0.084735102994
