,ftype,K,d,c1,c2,c3,c4,c5,e11,e12,e21,e22,e31,e32,e41,e42,e51,e52,a1,lb1,ub1,lb2,ub2,rms_err,max_err
0,SMA,5,2,1.38435714127,0.0043143980329,0.515306530491,0.000198252292986,4.77858426975,-1.0364086178,606.479797695,-1.24139741897,13.7879081324,0.699517671315,2.14125461534,-2.43325054258,1.98984565775,2.45634075857,29.784649416,2.26626938621,0.0440961654561,0.301568599067,0.75,0.99,0.0122409475433,0.026540719249
