,ftype,K,d,c1,c2,c3,c4,c5,e11,e12,e21,e22,e31,e32,e41,e42,e51,e52,a1,lb1,ub1,lb2,ub2,rms_err,max_err
0,SMA,5,2,1.3783017642,1.50429720636e-06,3.10512681906e-09,4.01828754524,82.0185924936,2.54746094066,26.3931466291,-3.71423929606,49.9927614811,-5.50551982582,7.75847833311,3.17473921112,5.39850775742,4.78149720841,52.0306533632,5.38703170287,0.0440961654561,0.301568599067,0.75,0.99,0.015488811596,0.035976612754
