,ftype,K,d,c1,c2,c3,c4,e11,e12,e21,e22,e31,e32,e41,e42,a1,lb1,ub1,lb2,ub2,rms_err,max_err
0,SMA,4,2,0.0055078611886,0.56986272185,0.383512856635,2.87534402296,0.0846050917093,33.1171250305,-0.00876373758957,0.233080876426,-0.0229578621328,-0.248306617404,4.68219559403,5.34607054773,0.0315263086038,0.0440961654561,0.301568599067,0.75,0.99,0.0114006709236,0.0275728018221
