,ftype,K,d,c1,c2,c3,c4,c5,e11,e12,e21,e22,e31,e32,e41,e42,e51,e52,a1,lb1,ub1,lb2,ub2,rms_err,max_err
0,SMA,5,2,351.666262179,2.87466566664e-08,41.8649364018,116.179452834,1.24161057009e-11,5.42395076026,58.2257351658,-4.68365880251,51.2021156252,5.31867227077,3.6908597944,5.1875508932,13.6851151942,-6.9162088177,9.61056997381,6.10263853974,0.0440961654561,0.301568599067,0.75,0.99,0.02366197864,0.0661311186444
