,ftype,K,d,c1,c2,c3,c4,c5,e11,e12,e21,e22,e31,e32,e41,e42,e51,e52,a1,lb1,ub1,lb2,ub2,rms_err,max_err
0,SMA,5,2,38312.1364887,13231.6808628,17769.1177334,8.86195939117e-13,1.66485107988e-16,9.78385527258,5.95021970804,7.28817445386,258.291181441,8.61346268306,23.6840978168,-7.29078581676,57.3300064221,-9.54726073464,12.2830336405,7.62316245594,0.0440961654561,0.287416360812,0.75,0.99,0.0468061322301,0.126310595567
