ub0,ub1,rms_err,e31,e30,e11,e10,ftype,c4,lb1,lb0,K,a1,c3,c2,c1,c0,e21,e40,e41,e20,d,e00,e01,max_err
0.2610731573912069,0.98999999999999999,0.024881147905032288,27.353360962502347,-3.8109150029155674,55.104319219408339,7.5828977205137909,SMA,4.1705564838748654e-17,0.75,0.064773577481849989,5,9.2644735692875528,3.6591659781093606e-10,3.211621334690086e-09,1462.1441156482438,9040.7229045317054,109.35187977609355,-8.2215507317712895,9.0449954851704071,-4.4211329744321546,2,9.8719490476196849,11.001269219502911,0.076848933677130304
