,ftype,K,d,c1,c2,c3,c4,c5,e11,e12,e21,e22,e31,e32,e41,e42,e51,e52,a1,lb1,ub1,lb2,ub2,rms_err,max_err
0,SMA,5,2,1.60200950908e-06,12496.9880821,1.20787778114e-14,184169.920655,1.07569632777e-16,-6.73149695733,1450.16286468,8.2922088158,38.0248508025,-8.10167466057,25.634246198,10.5061971212,6.33226882426,-9.24148938817,9.2028449629,7.10427275565,0.0440961654561,0.254873630576,0.75,0.99,0.0498475843066,0.145544250277
