ub0,ub1,rms_err,e31,e30,e11,e10,ftype,c4,lb1,lb0,K,a1,c3,c2,c1,c0,e21,e40,e41,e20,d,e00,e01,max_err
0.2610731573912069,0.98999999999999999,0.033861264204269097,1.5310476388753262,-0.3662038402138556,6.9120348299743695,0.5999851997963731,MA,1.7327866206761595,0.75,0.064773577481849989,5,1,0.094118899972637282,1.4876236418934849,0.89076970687195423,0.010744112211760642,1.3635471097777314,1.188017816733733,2.214094228516895,1.2174078686623748,2,-1.322038262879097,1.6849733500974693,0.099434999642218358
