,ftype,K,d,c1,c2,c3,c4,c5,e11,e12,e21,e22,e31,e32,e41,e42,e51,e52,a1,lb1,ub1,lb2,ub2,rms_err,max_err
0,SMA,5,2,2.5361488945e-09,1.06023019125e-06,1.01915245888,103.343202592,4.23744099786,-5.55953207618,7.86112298942,-3.82630666216,50.4700505071,2.38859553905,29.1669062992,4.97588603608,48.9083368973,3.21330763921,5.61230298128,5.45907747799,0.0440961654561,0.301568599067,0.75,0.99,0.0154767565725,0.0363355656349
