,ftype,K,d,c1,c2,c3,c4,c5,e11,e12,e21,e22,e31,e32,e41,e42,e51,e52,a1,lb1,ub1,lb2,ub2,rms_err,max_err
0,SMA,5,2,6.85936428426,0.0579031823816,0.669786734435,0.0230929595759,0.003125199962,3.06176748859,22.3051365172,-0.220679190325,62.9416343406,0.462363694804,1.04624071635,-0.66209544189,9.03841041754,-1.60649954972,0.84792537531,1.25220548731,0.0440961654561,0.301568599067,0.75,0.99,0.0119281694922,0.0261461466237
