ub0,ub1,rms_err,e31,e30,e11,e10,ftype,c4,lb1,lb0,K,a1,c3,c2,c1,c0,e21,e40,e41,e20,d,e00,e01,max_err
0.2610731573912069,0.98999999999999999,0.0069004320903975555,2.543487599842527,9.0007024026152749,39.883689234181318,0.7429192746747908,SMA,0.053794397983413657,0.75,0.064773577481849989,5,0.082490846895258318,1236.1241661039705,8.9092441442608689e-08,0.035088507911951825,0.85897119549586554,67.930603018365801,0.42699961596696523,4.4175674405256302,-3.9821899913604386,2,-0.042173342188190875,0.024422059242569214,0.019539541028759322
