,ftype,K,d,c1,c2,c3,c4,c5,e11,e12,e21,e22,e31,e32,e41,e42,e51,e52,a1,lb1,ub1,lb2,ub2,rms_err,max_err
0,SMA,5,2,0.403135485821,0.0368797424216,0.25723253978,0.291821129386,36.9483618408,0.166607130095,-0.338422525175,0.34702044805,35.5812215667,-0.242779349764,0.00467754626123,0.122907477569,1.15222269493,6.53338725479,3.14248167684,0.111623990272,0.0440961654561,0.301568599067,0.75,0.99,0.00954020465056,0.0239157710669
