,ftype,K,d,c1,c2,c3,c4,c5,e11,e12,e21,e22,e31,e32,e41,e42,e51,e52,a1,lb1,ub1,lb2,ub2,rms_err,max_err
0,SMA,5,2,1.67734326555e-09,0.0203527203741,1.76849304128,2.34488615416e-08,110.746394824,-5.68093336902,8.33019584904,0.414898060454,39.1991691879,2.94781638684,6.22457218631,-5.12558692821,53.8699931955,5.17546918833,42.1814108425,6.00641545106,0.0440961654561,0.301568599067,0.75,0.99,0.0131932926573,0.0361042864986
