ub0,ub1,rms_err,e31,e30,e11,e10,ftype,c4,lb1,lb0,K,a1,c3,c2,c1,c0,e21,e40,e41,e20,d,e00,e01,max_err
0.2610731573912069,0.98999999999999999,0.0059418383431717701,-0.010841159611423781,-4.0645148841378225,33.952757712369561,0.53469765669335823,SMA,0.84152605524823432,0.75,0.064773577481849989,5,0.048241893526409771,5.216752462048373e-08,2.1667376755862047,0.02251894895002271,0.1049917330459308,0.59303834483322737,-0.018290599237095556,-0.051184310030301994,4.3213041799222642,2,0.03260124541207661,1.2203284294182861,0.013348248634765914
