,ftype,K,d,c1,c2,c3,c4,c5,e11,e12,e21,e22,e31,e32,e41,e42,e51,e52,a1,lb1,ub1,lb2,ub2,rms_err,max_err
0,SMA,5,2,6.47254230278e-17,1.11224202149e-05,97383.8673432,11790.83262,1.33354542137e-14,-9.58809584795,10.115966535,-6.59768299317,1563.09288286,10.0734411822,7.14274566979,8.10401627483,41.614287757,-8.26669257778,29.5865576693,7.48383933682,0.0440961654561,0.273928269449,0.75,0.99,0.0471850733544,0.11966053687
