,ftype,K,d,c1,c2,c3,c4,c5,e11,e12,e21,e22,e31,e32,e41,e42,e51,e52,a1,lb1,ub1,lb2,ub2,rms_err,max_err
0,SMA,5,2,820.429626108,1.48330741459e-12,247.619412141,4.04178428127e-09,497.168039938,5.70544449093,146.473859929,-7.44405757471,10.342285135,6.12772064145,5.53126105248,-5.19103734944,52.5624152051,5.95471750044,21.6258539158,6.39817929802,0.0440961654561,0.301568599067,0.75,0.99,0.0273936224193,0.0751856165645
