,ftype,K,d,c1,c2,c3,c4,c5,e11,e12,e21,e22,e31,e32,e41,e42,e51,e52,a1,lb1,ub1,lb2,ub2,rms_err,max_err
0,SMA,5,2,2.98625960636e-15,1.38520016302e-13,94744.7267961,4387.16145647,3.42266967122e-06,-8.07082180755,7.4433211321,-7.24000299407,22.7821762126,10.0665374177,6.02572959086,7.80678517593,38.9054169885,-7.07770736081,1647.54942745,6.01286398672,0.0440961654561,0.226015552419,0.75,0.99,0.0495200491499,0.139644769433
