,ftype,K,d,c1,c2,c3,c4,c5,e11,e12,e21,e22,e31,e32,e41,e42,e51,e52,a1,lb1,ub1,lb2,ub2,rms_err,max_err
0,SMA,5,2,853.931922546,1476.8688006,4.90160252675e-10,1.35234970411e-13,3.93808068743e+236,7.03276150899,5.66030272891,6.69860884478,21.2247449999,-5.72647501468,53.511304278,-8.03029804178,10.9991523699,5.96403204623,53654.8432531,6.7294195499,0.0440961654561,0.301568599067,0.75,0.99,0.0320925509969,0.0850454616063
