,ftype,K,d,c1,c2,c3,c4,c5,e11,e12,e21,e22,e31,e32,e41,e42,e51,e52,a1,lb1,ub1,lb2,ub2,rms_err,max_err
0,SMA,5,2,8.77609629153e-08,46152.5104405,2.77928910431e-14,9157.38401321,9.45133316875e-17,-6.5268809643,1026.72584021,9.57894710656,7.61261084139,-8.15888202407,30.5881579391,7.86629866498,43.0328790889,-9.59859827422,10.3556771619,7.55329393524,0.0440961654561,0.287416360812,0.75,0.99,0.0469303698074,0.128461895526
