,ftype,K,d,c1,c2,c3,c4,c5,e11,e12,e21,e22,e31,e32,e41,e42,e51,e52,a1,lb1,ub1,lb2,ub2,rms_err,max_err
0,SMA,5,2,0.106120235695,0.472078855211,11.4055727425,0.00934622443691,0.413298801984,-0.216826158257,-0.107341299487,0.0556694369516,-0.183235619781,6.89197987464,3.46883194341,0.382126862369,34.1186527633,0.0175583362009,0.329890442457,0.0239306871947,0.0440961654561,0.301568599067,0.75,0.99,0.00984027434788,0.0241563115042
