ub0,ub1,rms_err,e31,e30,e11,e10,ftype,c4,lb1,lb0,K,a1,c3,c2,c1,c0,e21,e40,e41,e20,d,e00,e01,max_err
0.2610731573912069,0.98999999999999999,0.03309204689271901,4120.4960433013021,-33.326786908523687,90.905350859798318,-40.841486100851981,SMA,6.8047881073571825e+22,0.75,0.064773577481849989,5,46.102133135905113,3.8294612178979776e-55,1.7565197800980202e+22,2.3380895397082201e-85,9.3795346730123319e+22,503.56262888097314,67.349013942074535,61.961920003325645,57.390664031320611,2,63.11933435204913,127.61352819197384,0.092017486216704358
