,ftype,K,d,c1,c2,c3,c4,c5,e11,e12,e21,e22,e31,e32,e41,e42,e51,e52,a1,lb1,ub1,lb2,ub2,rms_err,max_err
0,MA,5,2,6.90479310025,0.116122411359,0.00459990681218,4.8386766057,0.0124678763061,1.61459528851,1.11433117825,-0.165508714414,1.93199479584,-1.3644102428,1.66245180218,1.31620231085,4.76031648089,-1.11882921243,5.99402382034,1,0.0440961654561,0.231513137534,0.75,0.99,0.0498631405473,0.141155853802
