ub0,ub1,rms_err,e31,e30,e11,e10,ftype,c4,lb1,lb0,K,a1,c3,c2,c1,c0,e21,e40,e41,e20,d,e00,e01,max_err
0.2610731573912069,0.98999999999999999,0.00708525760580026,4.5851753884241244,0.36773150645273572,57.294391488397913,-5.0669680157500654,SMA,2770.9905714898059,0.75,0.064773577481849989,5,0.13579925583709079,0.076813617368293036,0.77771238170326029,6.0642340460302203e-09,0.052886855761326443,0.038488553750502474,9.2221424167436208,3.3030939712420251,-0.069633045104536051,2,0.71302930024549638,43.874195158343987,0.019133151589942665
