,ftype,K,d,c1,c2,c3,c4,c5,e11,e12,e21,e22,e31,e32,e41,e42,e51,e52,a1,lb1,ub1,lb2,ub2,rms_err,max_err
0,SMA,5,2,7.19499802916e-07,74.8888325795,5.45588793721,9.35103109179,6.35961568997e-10,-3.85742326768,48.6119056324,4.487536192,56.568180964,3.799255433,3.69337650682,3.64743128353,13.30882043,-5.91428305776,8.22557171827,5.55614361402,0.0440961654561,0.301568599067,0.75,0.99,0.0177385334411,0.0447793108684
