,ftype,K,d,c1,c2,c3,c4,c5,e11,e12,e21,e22,e31,e32,e41,e42,e51,e52,a1,lb1,ub1,lb2,ub2,rms_err,max_err
0,SMA,5,2,0.417724377283,79.6335242686,3.99618122714e-07,1.27836441583e-07,0.032349454947,1.76320470276,5.17938528812,5.0788152049,39.2959363497,-4.32969459962,51.311108374,-4.52726837009,6.617113272,0.160990870347,35.1919545593,5.1233800726,0.0440961654561,0.301568599067,0.75,0.99,0.0118180801342,0.0317614289065
