,ftype,K,d,c1,c2,c3,c4,c5,e11,e12,e21,e22,e31,e32,e41,e42,e51,e52,a1,lb1,ub1,lb2,ub2,rms_err,max_err
0,SMA,5,2,138596.870846,2.08785460971e-13,4.24980651324e-07,6216.57984355,4.21104370116e-15,10.0009657676,5.62962736258,-7.29262544542,23.4445569717,-6.2402550621,1132.41447966,7.69406103406,35.127706936,-8.24036280797,8.1932726224,6.28953957742,0.0440961654561,0.231513137534,0.75,0.99,0.0482226544727,0.150300605215
