ub0,ub1,rms_err,e31,e30,e11,e10,ftype,c4,lb1,lb0,K,a1,c3,c2,c1,c0,e21,e40,e41,e20,d,e00,e01,max_err
0.2610731573912069,0.98999999999999999,0.0056719535040067352,2.4208600829715317,3.9909734357319873,-4.7912289785513176,0.51740880365710329,SMA,1.5356895414076065e-06,0.75,0.064773577481849989,5,0.012295158129453908,0.37723962510979669,0.0046444741240252857,0.0012309215241258198,0.9879656068862771,32.78614502651601,-2.679284187693689,-0.51268571488838632,0.32362921286682428,2,-0.0014060846412109989,0.019206206657961546,0.012720120846799188
