,ftype,K,d,c1,c2,c3,c4,c5,e11,e12,e21,e22,e31,e32,e41,e42,e51,e52,a1,lb1,ub1,lb2,ub2,rms_err,max_err
0,SMA,5,2,5.96775718146e-14,1.56008456618e-15,3284.31469461,1.27204088491e-07,73065.8716575,-7.41192933491,23.574718087,-8.11686675476,7.48227422603,7.85453940647,43.5446153357,-7.05360126169,1347.07142389,10.1707919035,6.61408724175,5.91286685662,0.0440961654561,0.22064851472,0.75,0.99,0.0476022986562,0.113810154639
