,ftype,K,d,c1,c2,c3,c4,e11,e12,e21,e22,e31,e32,e41,e42,a1,lb1,ub1,lb2,ub2,rms_err,max_err
0,SMA,4,2,6.03978080437,2.04871652275e-05,0.00206951641696,0.486653089226,2.67705271706,35.1738120511,-3.12272516691,3.79984196046,-1.56342211843,33.7087853527,1.00474671609,3.32714525544,3.18040711948,0.0440961654561,0.301568599067,0.75,0.99,0.012622098223,0.0298916299173
