,ftype,K,d,c1,c2,c3,c4,c5,e11,e12,e21,e22,e31,e32,e41,e42,e51,e52,a1,lb1,ub1,lb2,ub2,rms_err,max_err
0,SMA,5,2,1.87769306059e-13,81272.3242449,13790.7861525,6224.82691001,3.31748989196e-15,-7.33690483887,50.6958428898,10.5102737983,4.44476530605,8.90196754649,20.9086540928,7.34288707072,267.653496903,-8.12050062234,10.2205393929,6.10071425785,0.0440961654561,0.226015552419,0.75,0.99,0.0497364213693,0.13395674628
