ub0,ub1,rms_err,e31,e30,e11,e10,ftype,c4,lb1,lb0,K,a1,c3,c2,c1,c0,e21,e40,e41,e20,d,e00,e01,max_err
0.2610731573912069,0.98999999999999999,0.027295572740274908,0.97692306830514064,2.7365854001817342,25.469348036120461,-1.6131364378551867,SMA,1.0607872366208051,0.75,0.064773577481849989,5,2.4201688012554774,0.84174204055098722,1.7528398154245801,0.00025864492805700227,1.9049941868782369e-05,53.685495201507493,2.1575029480056713,7.7492129205476949,2.3229558146176341,2,-2.8196195049744479,2.0366159443753999,0.063330774172836835
