,ftype,K,d,c1,c2,c3,c4,c5,e11,e12,e21,e22,e31,e32,e41,e42,e51,e52,a1,lb1,ub1,lb2,ub2,rms_err,max_err
0,SMA,5,2,184055.899208,12490.6698334,1.20986267921e-14,3.11415325006e-06,1.07772673414e-16,10.5056677956,6.33189091131,8.29178609397,38.0236106048,-8.10125237527,25.6337277215,-6.73113622193,1516.16021343,-9.24102245307,9.20245217462,7.10390713994,0.0440961654561,0.254873630576,0.75,0.99,0.0498475867959,0.145543827897
