,ftype,K,d,c1,c2,c3,c4,c5,e11,e12,e21,e22,e31,e32,e41,e42,e51,e52,a1,lb1,ub1,lb2,ub2,rms_err,max_err
0,SMA,5,2,16.4225918746,30.0238370815,1.59325096276e-07,9.03408208533e-11,170.373209342,4.53872642439,4.01351725689,4.38597953406,14.1365267185,-4.23948415236,49.8259105355,-6.41479426663,8.93980826314,4.99359924171,56.5368361166,5.83912658958,0.0440961654561,0.301568599067,0.75,0.99,0.0204606460533,0.0556947333648
