,ftype,K,d,c1,c2,c3,c4,e11,e12,e21,e22,e31,e32,e41,e42,a1,lb1,ub1,lb2,ub2,rms_err,max_err
0,SMA,4,2,6.68959409803,0.0116513977061,0.539051872967,0.000287130738426,2.76002541058,33.2254574581,-0.992381731372,30.2886897462,0.697834388134,2.37450863578,-2.36675675081,2.5841267597,2.27892501325,0.0440961654561,0.301568599067,0.75,0.99,0.0125670735547,0.0293376078631
