ub0,ub1,rms_err,e31,e30,e11,e10,ftype,c4,lb1,lb0,K,a1,c3,c2,c1,c0,e21,e40,e41,e20,d,e00,e01,max_err
0.2610731573912069,0.98999999999999999,0.0082649268415007637,0.69993283360791902,0.0060898367579842426,11.335065417055144,2.8098398089019945,SMA,0.42802251535268965,0.75,0.064773577481849989,5,0.10923307623184987,0.41445988242228654,2.1361525851361614e+62,0.8774669018661212,0.0085509440103660479,0.6070285203443806,-0.093246068454666403,-0.28376408341628351,111.24961340478221,2,-0.26554826921668417,47.74849668872718,0.02122618172082591
