,ftype,K,d,c1,c2,c3,c4,c5,e11,e12,e21,e22,e31,e32,e41,e42,e51,e52,a1,lb1,ub1,lb2,ub2,rms_err,max_err
0,SMA,5,2,0.590950348568,0.000332861454762,58.5174783346,0.217912762654,0.150675717904,-0.152534064117,0.158847484317,-1.59045766384,34.1545993489,5.91091662043,1.88081439995,1.26771060787,48.1657515986,0.568679973347,7.2182313305,0.314137728228,0.0440961654561,0.301568599067,0.75,0.99,0.00772993575628,0.0152016055809
