ub0,ub1,rms_err,e31,e30,e11,e10,ftype,c4,lb1,lb0,K,a1,c3,c2,c1,c0,e21,e40,e41,e20,d,e00,e01,max_err
0.22601555241864135,0.98999999999999999,0.048116400373955835,1.0958319753073558,1.6803574519289632,1.982704256194441,-2.007545708933868,MA,0.084018675346955077,0.75,0.064773577481849989,5,1,6.9736164235262921,5.8250215563896797,0.00074176638568161299,0.088954940119774215,4.1132998697508327,-0.34628641933354232,6.321948761233088,1.4696998179546723,2,-0.20176508025382592,1.7468489875430457,0.13295793854947924
