ub0,ub1,rms_err,e31,e30,e11,e10,ftype,c4,lb1,lb0,K,a1,c3,c2,c1,c0,e21,e40,e41,e20,d,e00,e01,max_err
0.2610731573912069,0.98999999999999999,0.0084304784119631718,11.919295393221635,2.6252919088689777,0.092088088050857303,90.129668105120558,SMA,0.42797399588020069,0.75,0.064773577481849989,5,0.10873518668738028,0.7832341881809789,0.0078859385775041663,9.8758024244283806e+49,0.40810837045756704,48.518288437079676,-0.0070142796126091084,0.64475344004639545,-0.26753244656072639,2,-0.089904014645959818,-0.29049308170720439,0.022744879174848354
