,ftype,K,d,c1,c2,c3,c4,c5,e11,e12,e21,e22,e31,e32,e41,e42,e51,e52,a1,lb1,ub1,lb2,ub2,rms_err,max_err
0,SMA,5,2,4.09926650547e-09,105.703841725,0.000917362825119,339.645059862,5.6590004093e-12,-5.058971922,28.361757388,5.29612256163,6.58107269602,-4.64914731171,1132.33272474,5.33111675225,39.9632778494,-7.0921711264,8.72043856624,6.1292574204,0.0440961654561,0.301568599067,0.75,0.99,0.0236677352207,0.0625442038209
