,ftype,K,d,c1,c2,c3,c4,c5,e11,e12,e21,e22,e31,e32,e41,e42,e51,e52,a1,lb1,ub1,lb2,ub2,rms_err,max_err
0,SMA,5,2,0.514528325341,0.412067107365,0.0562302401855,0.0354145831637,31.3382492116,0.163125852185,-0.348496951584,0.0304613146516,0.842549114684,-0.530616220099,-0.102340518334,0.250835541867,36.6716856457,6.46450018402,9.879630763,0.121449018021,0.0440961654561,0.301568599067,0.75,0.99,0.0112059879035,0.0259177780939
