,ftype,K,d,c1,c2,c3,c4,e11,e12,e21,e22,e31,e32,e41,e42,a1,lb1,ub1,lb2,ub2,rms_err,max_err
0,SMA,4,2,0.438162817127,0.000752152525206,0.553652405217,0.506147645893,0.00147129182734,0.119636143213,-0.0458160685212,34.0035857181,-0.00557944781205,-0.0820743092455,4.66171063608,5.80049782733,0.00540294079777,0.0440961654561,0.301568599067,0.75,0.99,0.0116052396845,0.0278372840369
