,ftype,K,d,c1,c2,c3,c4,c5,e11,e12,e21,e22,e31,e32,e41,e42,e51,e52,a1,lb1,ub1,lb2,ub2,rms_err,max_err
0,SMA,5,2,81959.6169815,1.26852159106e-16,5.48625102833e-13,26099.923442,1110089023.4,10.2914159116,5.36502687603,-9.51906060667,12.1198002411,-7.33254568368,57.6202548122,8.89286531034,22.9310531518,7.46813608129,1371.37412679,7.53245423594,0.0440961654561,0.273928269449,0.75,0.99,0.0470044069747,0.118729262634
