,ftype,K,d,c1,c2,c3,c4,c5,e11,e12,e21,e22,e31,e32,e41,e42,e51,e52,a1,lb1,ub1,lb2,ub2,rms_err,max_err
0,SMA,5,2,66721.6232264,11082.1622166,2.43490319269e-13,3.98709619707e-15,10691.3002444,10.4584930789,4.66356229206,8.86109811409,21.0873006777,-7.23277010527,50.268509736,-8.02969882395,10.185451639,7.27213048789,342.000512988,5.95944261119,0.0440961654561,0.22064851472,0.75,0.99,0.0473770484344,0.109365375232
