,ftype,K,d,c1,c2,c3,c4,c5,e11,e12,e21,e22,e31,e32,e41,e42,e51,e52,a1,lb1,ub1,lb2,ub2,rms_err,max_err
0,SMA,5,2,1.38447006355,0.00431430582479,0.000198253307479,4.77862489217,0.515307378752,-1.03637559406,606.479253099,-1.24140778565,13.78785513,-2.43324812258,1.98982757877,2.45635022045,29.7844815918,0.699515717973,2.14124995525,2.26626330764,0.0440961654561,0.301568599067,0.75,0.99,0.0122409475507,0.0265407595098
