,ftype,K,d,c1,c2,c3,c4,c5,e11,e12,e21,e22,e31,e32,e41,e42,e51,e52,a1,lb1,ub1,lb2,ub2,rms_err,max_err
0,SMA,5,2,0.378533357373,0.495631887346,0.0374803159204,75.8928559583,0.098834919091,0.0574935849531,0.870075548416,0.152077410562,-0.318477077649,0.304264050738,34.5386758866,7.26469651213,5.87235189387,-0.411931426114,-0.0486466684329,0.114071873116,0.0440961654561,0.301568599067,0.75,0.99,0.0104566437111,0.0253897807107
