,ftype,K,d,c1,c2,c3,c4,c5,e11,e12,e21,e22,e31,e32,e41,e42,e51,e52,a1,lb1,ub1,lb2,ub2,rms_err,max_err
0,SMA,5,2,4.83337240513e-15,106945.429052,2.93247252427e-13,8004.31505085,15466.1860665,-8.07321255873,10.102007581,10.510016328,4.32131924902,-7.24263851173,49.8777699472,7.34327600994,276.966157049,8.8212883565,20.7737048668,6.15725099623,0.0440961654561,0.226015552419,0.75,0.99,0.0492859561651,0.134377591048
