,ftype,K,d,c1,c2,c3,c4,c5,e11,e12,e21,e22,e31,e32,e41,e42,e51,e52,a1,lb1,ub1,lb2,ub2,rms_err,max_err
0,SMA,5,2,0.00129428869566,0.0023833904216,0.457292403711,1.23510699503e-05,5.08857023961,-1.53370204769,18.1280905897,-2.05698620891,263.026230754,1.03510226167,3.16566352914,-3.24460783191,3.47333582199,2.52692421399,33.7709048397,3.25470550943,0.0440961654561,0.301568599067,0.75,0.99,0.0122293345454,0.0276143978358
