,ftype,K,d,c1,c2,c3,c4,c5,e11,e12,e21,e22,e31,e32,e41,e42,e51,e52,a1,lb1,ub1,lb2,ub2,rms_err,max_err
0,SMA,5,2,41.3287796324,1.2404226017e-11,2.87132774552e-08,115.984150027,352.25380004,5.32043516915,3.65388161365,-6.91644444667,9.61060092763,-4.68403860144,51.2050900763,5.18691017048,13.5961430688,5.42420830049,58.0221399727,6.10289730079,0.0440961654561,0.301568599067,0.75,0.99,0.0236619763588,0.0661864255069
