,ftype,K,d,c1,c2,c3,c4,c5,e11,e12,e21,e22,e31,e32,e41,e42,e51,e52,a1,lb1,ub1,lb2,ub2,rms_err,max_err
0,SMA,5,2,74.9482344459,5.47692076751,9.34610743796,6.36222245684e-10,7.1966141045e-07,4.48833455165,56.6180572454,3.7988864241,3.70383639032,3.64737606071,13.3416800089,-5.91417848698,8.22563294933,-3.85735988709,48.6140055553,5.55605280373,0.0440961654561,0.301568599067,0.75,0.99,0.0177385334904,0.0447690792077
