,ftype,K,d,c1,c2,c3,c4,c5,e11,e12,e21,e22,e31,e32,e41,e42,e51,e52,a1,lb1,ub1,lb2,ub2,rms_err,max_err
0,SMA,5,2,1.9122039759e-07,1.35043033114e-13,5322.24679024,128063.771477,2.91196193985e-15,-6.84133530839,1274.85981801,-7.28814917052,22.5027707967,7.83057205804,37.1231856067,10.1398574724,5.92084466796,-8.13856941483,7.52321089752,6.13229301639,0.0440961654561,0.226015552419,0.75,0.99,0.0487195037761,0.138526232947
