,ftype,K,d,c1,c2,c3,c4,c5,e11,e12,e21,e22,e31,e32,e41,e42,e51,e52,a1,lb1,ub1,lb2,ub2,rms_err,max_err
0,SMA,5,2,0.766028991548,88.8656332582,0.0274682754698,1.28155187987e-08,9.40609696488e-08,2.33081202669,5.77537078363,5.13120245593,40.6817658112,0.323291768638,37.3386052338,-5.14379710301,7.57207048401,-4.74531128347,53.2896594518,5.65292465167,0.0440961654561,0.301568599067,0.75,0.99,0.012158860193,0.0341231373472
