ub0,ub1,rms_err,e31,e30,e11,e10,ftype,c4,lb1,lb0,K,a1,c3,c2,c1,c0,e21,e40,e41,e20,d,e00,e01,max_err
0.2610731573912069,0.98999999999999999,0.01722708565076635,1.9197723367999355,0.13448159743396179,0.90599457119243787,-0.7760537562432156,MA,0.060974534232097588,0.75,0.064773577481849989,5,1,0.31742453570815249,0.14491801999300413,0.038507599242232828,0.44331048205357038,1.4488450248598805,-0.63778409272554648,2.4789960486343792,-0.24332598716472581,2,0.18933985150899441,5.2680955808703365,0.06043837558884313
