,ftype,K,d,c1,c2,c3,c4,c5,e11,e12,e21,e22,e31,e32,e41,e42,e51,e52,a1,lb1,ub1,lb2,ub2,rms_err,max_err
0,SMA,5,2,1.29612384944e-05,0.00986747973212,0.97315878047,2.13388268076,0.0116918375944,-1.64797606992,32.4661266842,0.977659461258,37.3367681921,-0.00771035972917,0.00660933099685,5.47948696254,1.0720654549,0.595706081418,4.80574787597,0.0153816422198,0.0440961654561,0.301568599067,0.75,0.99,0.00761547857898,0.0161400583697
