ub0,ub1,rms_err,e31,e30,e11,e10,ftype,c4,lb1,lb0,K,a1,c3,c2,c1,c0,e21,e40,e41,e20,d,e00,e01,max_err
0.2610731573912069,0.98999999999999999,0.010811063518834827,20.234762741923884,7.0017383991241351,13.421599550817527,-2.812744513036233,SMA,92.55549840414271,0.75,0.064773577481849989,5,7.0805199952884115,86.16066807155191,290.12994600836538,1.0581930130232116e-09,1.2196524442899477e-06,79.101085483541226,7.5971700880218505,5.3520949743350092,7.2750584950266139,2,-0.98388405084201402,54.867314203252718,0.028224761486814964
