,ftype,K,d,c1,c2,c3,c4,c5,e11,e12,e21,e22,e31,e32,e41,e42,e51,e52,a1,lb1,ub1,lb2,ub2,rms_err,max_err
0,SMA,5,2,1.07274239453e-16,12506.306907,1.20498005091e-14,184337.958559,7.31468966301e-07,-9.24217189207,9.20346305013,8.2928316924,38.0266709561,-8.10229133392,25.6351337765,10.5069766624,6.33282485098,-6.7320263795,1372.36481889,7.10481111292,0.0440961654561,0.254873630576,0.75,0.99,0.0498475807343,0.145544864635
