,ftype,K,d,c1,c2,c3,c4,c5,e11,e12,e21,e22,e31,e32,e41,e42,e51,e52,a1,lb1,ub1,lb2,ub2,rms_err,max_err
0,SMA,5,2,4.17248638672e-15,1.81952351282e-06,176935.699291,2.49173306648e-17,15831.7549538,-8.47194132135,27.5084392271,-6.83924154719,1494.58604826,10.5590846744,6.90323217103,-9.71444416266,9.84861920705,8.42915155648,40.7617737433,7.51726415268,0.0440961654561,0.267423481025,0.75,0.99,0.0498097200584,0.125096164149
