,ftype,K,d,c1,c2,c3,c4,c5,e11,e12,e21,e22,e31,e32,e41,e42,e51,e52,a1,lb1,ub1,lb2,ub2,rms_err,max_err
0,SMA,5,2,0.125480964219,0.00996419038246,0.106663722585,28.4071140339,0.81883960239,1.3465288575,29.801819314,-0.251300177229,20.5398082762,-0.369835808082,-0.0652382898249,6.40450838382,1.04039225956,0.0794579642666,0.183542535951,0.122443026577,0.0440961654561,0.301568599067,0.75,0.99,0.00917600974335,0.0198042157112
