ub0,ub1,rms_err,e31,e30,e11,e10,ftype,c4,lb1,lb0,K,a1,c3,c2,c1,c0,e21,e40,e41,e20,d,e00,e01,max_err
0.2610731573912069,0.98999999999999999,0.025351947233358648,5.1048940001964338,1.4501083308013893,1.2678413516461642,0.26218224529972634,MA,3.1415633183615017,0.75,0.064773577481849989,5,1,3.4129026828361395,0.026043200445582834,0.28943490108296643,0.66665491192844761,1.0900176645038337,1.5545624364489006,1.5408994681722981,-0.77685470846153171,2,0.55982998700185149,4.6058909466789117,0.081587675300793805
