ub0,ub1,rms_err,e31,e30,e11,e10,ftype,c4,lb1,lb0,K,a1,c3,c2,c1,c0,e21,e40,e41,e20,d,e00,e01,max_err
0.2610731573912069,0.98999999999999999,0.0050544220993945163,5.7786792393486399,4.2364402388983358,-1.4070562470100023,-0.32802600816267108,SMA,0.88577604687805822,0.75,0.064773577481849989,5,0.074335344893024374,2.5934425712213707,0.0055063899678305757,0.025083932984914962,0.04752991462573198,2.7441687739838354,0.066744415515781197,0.16445512116771807,-0.91318074664655724,2,0.55763938708433181,37.375043929744692,0.014486198200844624
