,ftype,K,d,c1,c2,c3,c4,e11,e12,e21,e22,e31,e32,e41,e42,a1,lb1,ub1,lb2,ub2,rms_err,max_err
0,SMA,4,2,0.358902565821,0.622313508795,0.0033335073529,0.974757820513,-0.0122076171252,-0.191063078779,-0.00211969254215,0.136452452527,0.310792222324,36.5440662192,4.56313113855,4.23828604491,0.012792956156,0.0440961654561,0.301568599067,0.75,0.99,0.0109382475666,0.029503755727
