ub0,ub1,rms_err,e31,e30,e11,e10,ftype,c4,lb1,lb0,K,a1,c3,c2,c1,c0,e21,e40,e41,e20,d,e00,e01,max_err
0.2610731573912069,0.98999999999999999,0.028866250114036464,6.4748864680931195,0.19444271689233084,4.325606217491015,1.1856513860293054,MA,3.0364863289779769,0.75,0.064773577481849989,5,1,0.30359367415508071,3.0373947599523197,3.0094853491062921,0.40052193988383566,1.1513359670943069,1.1832440860298443,3.9970490417890834,1.2891543795451281,2,0.409076551712933,2.1346264467462062,0.078465919799872941
