,ftype,K,d,c1,c2,c3,c4,c5,e11,e12,e21,e22,e31,e32,e41,e42,e51,e52,a1,lb1,ub1,lb2,ub2,rms_err,max_err
0,SMA,5,2,0.0323681312354,3.99909220558e-07,79.6627613087,1.27850958214e-07,0.417727884271,0.161256118004,35.1917786753,-4.32945839838,51.3095504006,5.0791353414,39.2959756209,-4.52723645087,6.61706589351,1.76319292618,5.17933839901,5.12333912921,0.0440961654561,0.301568599067,0.75,0.99,0.0118180799697,0.0317614582936
