,ftype,K,d,c1,c2,c3,c4,e11,e12,e21,e22,e31,e32,e41,e42,a1,lb1,ub1,lb2,ub2,rms_err,max_err
0,SMA,4,2,0.374911579176,0.578132238582,0.00554757615105,2.89561812978,-0.0232420767643,-0.254136706969,-0.00896141053802,0.230253730115,0.0845731093667,33.1152963404,4.68215726004,5.34656441463,0.0317551340169,0.0440961654561,0.301568599067,0.75,0.99,0.0114006827602,0.0275728699955
