,ftype,K,d,c1,c2,c3,c4,c5,e11,e12,e21,e22,e31,e32,e41,e42,e51,e52,a1,lb1,ub1,lb2,ub2,rms_err,max_err
0,SMA,5,2,4162.84512486,1.45918518108e-15,86707.7588794,6.19600038387e-14,1.67334621115e-06,7.92305305036,41.7780374265,-8.2040960325,7.78943519597,10.2009100196,6.36369841055,-7.41075008618,23.8190856259,-7.23208299739,1648.51547594,6.04002236938,0.0440961654561,0.226015552419,0.75,0.99,0.0499968118408,0.138834303841
