,ftype,K,d,c1,c2,c3,c4,c5,e11,e12,e21,e22,e31,e32,e41,e42,e51,e52,a1,lb1,ub1,lb2,ub2,rms_err,max_err
0,SMA,5,2,827.580461077,247.673314007,497.279499591,1.4833562382e-12,4.04178573227e-09,5.70531084329,147.405242294,6.12770036048,5.53198882981,5.95468076421,21.6317008152,-7.44404799543,10.3422633977,-5.19103781757,52.5621038634,6.39817080263,0.0440961654561,0.301568599067,0.75,0.99,0.0273936216049,0.0751846904072
