ub0,ub1,rms_err,e31,e30,e11,e10,ftype,c4,lb1,lb0,K,a1,c3,c2,c1,c0,e21,e40,e41,e20,d,e00,e01,max_err
0.2610731573912069,0.98999999999999999,0.0046458762956001747,10.033266144196004,-0.61800995215857446,0.54243777699523876,0.53472896356588173,SMA,0.054089324547945697,0.75,0.064773577481849989,5,0.72357938215123729,0.016732794256328235,6.5979265503527231e-06,0.89900515344512899,15.553929810417836,0.89448238119019963,0.046274248471207036,55.515687849062225,-3.2324083633304856,2,3.9310055253146499,12.811846955618975,0.014186649160139009
