ub0,ub1,rms_err,e31,e30,e11,e10,ftype,c4,lb1,lb0,K,a1,c3,c2,c1,c0,e21,e40,e41,e20,d,e00,e01,max_err
0.2610731573912069,0.98999999999999999,0.0055973475006029557,-4.7919012161175782,-0.25664782778222495,7.7501565417166711,4.3965745151441844,SMA,0.091494623168825409,0.75,0.064773577481849989,5,0.40097974257918184,0.003636715759675173,0.00251453787905384,15.920971260835254,0.617878475675818,2.2074323120509289,0.18734984476389663,34.302146821718289,-1.4443066084169043,2,0.21540874298256854,0.5932530771301906,0.017745761836741814
