,ftype,K,d,c1,c2,c3,c4,c5,e11,e12,e21,e22,e31,e32,e41,e42,e51,e52,a1,lb1,ub1,lb2,ub2,rms_err,max_err
0,SMA,5,2,0.880239714424,1.52338036249e-05,0.0499765943718,0.0398137826089,5.70995702179,-0.00196149753701,0.104483902453,-1.99090414675,35.2597088932,-0.244961188242,-0.441517383473,0.713315292859,24.5316267649,5.16674688027,1.20201647828,0.0594007269951,0.0440961654561,0.301568599067,0.75,0.99,0.00797619879491,0.0163457987267
