,ftype,K,d,c1,c2,c3,c4,c5,e11,e12,e21,e22,e31,e32,e41,e42,e51,e52,a1,lb1,ub1,lb2,ub2,rms_err,max_err
0,SMA,5,2,0.217345691588,0.000332141347332,0.150471989887,58.3968388782,0.591782687087,1.26746823736,48.1677177227,-1.59027375413,34.1511835406,0.569066507586,7.21722645674,5.9109447162,1.87948091723,-0.15212568627,0.158418743423,0.313294802181,0.0440961654561,0.301568599067,0.75,0.99,0.00772993664732,0.0151986360482
