ub0,ub1,rms_err,e31,e30,e11,e10,ftype,c4,lb1,lb0,K,a1,c3,c2,c1,c0,e21,e40,e41,e20,d,e00,e01,max_err
0.2610731573912069,0.98999999999999999,0.04256939825837705,4.5912876741616762,-0.74417074902169722,4.8490940690891122,1.5581836276480499,MA,4.258737755235094,0.75,0.064773577481849989,5,1,0.021498185411315571,0.16834207260293019,4.9021725060820636,0.011380835157592009,2.3034112522382895,1.6131685709968928,1.2892497118110959,0.18908661782964006,2,-0.90408436979754669,1.3340343181744425,0.11845525987387606
