,ftype,K,d,c1,c2,c3,c4,c5,e11,e12,e21,e22,e31,e32,e41,e42,e51,e52,a1,lb1,ub1,lb2,ub2,rms_err,max_err
0,MA,5,2,0.117828474851,0.0252927319594,5.42026048617,6.73249897822,0.00517840916273,-0.164936273579,1.69092009326,-0.895894235598,7.15957844727,1.35862099987,3.8925552374,1.58535923182,1.02892531747,-1.35752185814,1.8292920294,1,0.0440961654561,0.231513137534,0.75,0.99,0.0479712778142,0.139411341923
