,ftype,K,d,c1,c2,c3,c4,c5,e11,e12,e21,e22,e31,e32,e41,e42,e51,e52,a1,lb1,ub1,lb2,ub2,rms_err,max_err
0,SMA,5,2,4.89451607027e-10,1478.66055505,1.35017963885e-13,854.179939693,3307472.49831,-5.72687690191,53.5112111009,6.69937121155,21.2279142639,-8.03072299262,10.999807343,7.03303693765,5.66102396578,5.96358456703,943.380983759,6.72981876919,0.0440961654561,0.301568599067,0.75,0.99,0.0320925522326,0.0850360872108
