ub0,ub1,rms_err,e31,e30,e11,e10,ftype,c4,lb1,lb0,K,a1,c3,c2,c1,c0,e21,e40,e41,e20,d,e00,e01,max_err
0.2610731573912069,0.98999999999999999,0.005695576656980692,-5.170046678269685,-0.083641431259398366,1.3996844236402006,0.49929993145208135,SMA,0.068586608034843691,0.75,0.064773577481849989,5,0.87308530323479883,0.0031721867095213597,0.0015139359817204631,0.44517682014120635,173.87390540566497,2.5756983753248806,0.029228875756037685,36.639088521177563,-1.5396898505547345,2,6.2138628292531406,13.110876513171732,0.019106919387106069
