ub0,ub1,rms_err,e31,e30,e11,e10,ftype,c4,lb1,lb0,K,a1,c3,c2,c1,c0,e21,e40,e41,e20,d,e00,e01,max_err
0.2610731573912069,0.98999999999999999,0.009144424530310561,46.530141653482595,-1.0248006642901311,14.440438570988587,5.2570029212466807,SMA,6.3703807525247231e-09,0.75,0.064773577481849989,5,5.4475442622994015,1.4074697989735598e-05,65.111306914225992,19.194137581839314,17.441528001469603,63.150228409528367,-3.2527971720072899,10.216626267199212,5.659006378450985,2,5.6533279743266958,3.4341093618641882,0.022948141854012283
