,ftype,K,d,c1,c2,c3,c4,c5,e11,e12,e21,e22,e31,e32,e41,e42,e51,e52,a1,lb1,ub1,lb2,ub2,rms_err,max_err
0,SMA,5,2,5.54372480017e-05,0.0221895781389,5.66209235295,0.0398470538832,0.917075378091,-1.54678350814,30.3678844363,-0.420861548988,-0.320038908202,5.25659452183,1.00671455795,0.670330377877,22.8449313133,0.00284993944938,0.0794041397986,0.0596612392563,0.0440961654561,0.301568599067,0.75,0.99,0.00848409624238,0.0171042762925
