,ftype,K,d,c1,c2,c3,c4,c5,e11,e12,e21,e22,e31,e32,e41,e42,e51,e52,a1,lb1,ub1,lb2,ub2,rms_err,max_err
0,SMA,5,2,9133.45703709,6.482111742e-08,46019.5597194,2.80303534409e-14,9.54544027547e-17,7.86417115326,43.0258930397,-6.52498647459,995.87005214,9.57639900954,7.61036166242,-8.15662658184,30.5847964104,-9.596045873,10.3531522267,7.55124521401,0.0440961654561,0.287416360812,0.75,0.99,0.0469303814575,0.12846129912
