ub0,ub1,rms_err,e31,e30,e11,e10,ftype,c4,lb1,lb0,K,a1,c3,c2,c1,c0,e21,e40,e41,e20,d,e00,e01,max_err
0.2610731573912069,0.98999999999999999,0.025976962191415341,5.9484928468372837,7.5084390203011004,4.8454105181748384,-5.6189436487566606,SMA,497.71508738147566,0.75,0.064773577481849989,5,5.6905044672689211,78.168144883682459,228.80201274790102,1.0079116712160888e-11,4.1460855463741831e-10,19.231087615847787,7.5863851664395696,65.87994433095119,7.6341706091514023,2,-4.4809175072108127,36.794184435806329,0.060172490727388839
