,ftype,K,d,c1,c2,c3,c4,c5,e11,e12,e21,e22,e31,e32,e41,e42,e51,e52,a1,lb1,ub1,lb2,ub2,rms_err,max_err
0,SMA,5,2,170.312676523,1.59211485268e-07,9.02524110344e-11,16.325228413,30.0024649245,4.99281845471,56.4248410348,-4.23969659017,49.8251214218,-6.41504907648,8.93988662006,4.53955558452,3.99647756329,4.38577507937,14.0769919331,5.83936705836,0.0440961654561,0.301568599067,0.75,0.99,0.0204606451537,0.0557159417245
