ub0,ub1,rms_err,e31,e30,e11,e10,ftype,c4,lb1,lb0,K,a1,c3,c2,c1,c0,e21,e40,e41,e20,d,e00,e01,max_err
0.2610731573912069,0.98999999999999999,0.019566787657846044,1.7386423656355261,-0.18933086934121254,2.5440021848893069,-0.48553761227472308,MA,0.99504567704317215,0.75,0.064773577481849989,5,1,0.13688214203230684,0.049535516312506252,0.071684847935368515,0.77165502443046941,0.62777960469618732,0.94292955118600941,1.6836448827769597,-0.58093478422042322,2,0.58340998508900244,6.1873306019452574,0.056884284619857173
