ub0,ub1,rms_err,e31,e30,e11,e10,ftype,c4,lb1,lb0,K,a1,c3,c2,c1,c0,e21,e40,e41,e20,d,e00,e01,max_err
0.2610731573912069,0.98999999999999999,0.0044006011280813559,9.8687493617795514,6.3425985991218763,2.2395287601089073,-2.0061022661359957,SMA,0.079512385443692574,0.75,0.064773577481849989,5,0.74221370515096885,198.87889140744508,0.61895853622182895,0.00036795148198879934,3.6101945411274852e-05,0.9155568272864838,-0.02494088997198415,30.211002887616544,0.4075524518842456,2,-0.40594312067755134,-14.249423915754583,0.012676587835586117
