,ftype,K,d,c1,c2,c3,c4,c5,e11,e12,e21,e22,e31,e32,e41,e42,e51,e52,a1,lb1,ub1,lb2,ub2,rms_err,max_err
0,SMA,5,2,6.85727479037,0.0230945964233,0.0578781852671,0.669778842113,0.00312503411545,3.06143371843,22.307099742,-0.662070777974,9.03823197066,-0.220867417835,62.9454918383,0.462382336329,1.04625712135,-1.60651749766,0.847970796605,1.25224738379,0.0440961654561,0.301568599067,0.75,0.99,0.0119281693915,0.0261454525926
