ub0,ub1,rms_err,e31,e30,e11,e10,ftype,c4,lb1,lb0,K,a1,c3,c2,c1,c0,e21,e40,e41,e20,d,e00,e01,max_err
0.2610731573912069,0.98999999999999999,0.0050229161870715914,34.440532780370674,-0.0046514650895231949,1.4212433827389237,0.52538569849830263,SMA,233.34793244655521,0.75,0.064773577481849989,5,1.0095936291666812,0.067631635562576037,0.00068713735757981232,0.42064098969001568,0.00049024811901290184,2.8305062596764197,6.4593684223939274,11.93174260439606,-1.7479583613930194,2,-0.25125733207804068,-7.9689563482234078,0.014104204576849355
