,ftype,K,d,c1,c2,c3,c4,c5,e11,e12,e21,e22,e31,e32,e41,e42,e51,e52,a1,lb1,ub1,lb2,ub2,rms_err,max_err
0,SMA,5,2,1.67367982631e-09,0.0201783652416,2.32646588069e-08,1.76854050904,110.491494887,-5.68152375195,8.3312046995,0.411154919306,39.2109847052,-5.12811416025,53.8758312072,2.94812610381,6.2256370117,5.17361197862,42.1812161568,6.00719082822,0.0440961654561,0.301568599067,0.75,0.99,0.0131932909568,0.0361059271926
