,ftype,K,d,c1,c2,c3,c4,c5,e11,e12,e21,e22,e31,e32,e41,e42,e51,e52,a1,lb1,ub1,lb2,ub2,rms_err,max_err
0,SMA,5,2,0.856312146141,1.92086405669e-05,0.0322774935408,0.0892786322933,4.71610791919,-0.0320550904081,-0.0107667554808,-1.868707052,32.0545036938,0.814192447254,27.4987928206,0.194697305988,1.00627713693,5.19994556392,1.10658048234,0.0469523340238,0.0440961654561,0.301568599067,0.75,0.99,0.00775479565063,0.0164442875586
