,ftype,K,d,c1,c2,c3,c4,e11,e12,e21,e22,e31,e32,e41,e42,a1,lb1,ub1,lb2,ub2,rms_err,max_err
0,SMA,4,2,2.81116764917,0.00750806291276,0.397419345321,0.553300142498,4.63657181201,4.76584928998,0.22770628479,35.1587796933,-0.0232382925664,-0.255055741174,-0.00988529004526,0.256605062526,0.0336779398879,0.0440961654561,0.301568599067,0.75,0.99,0.0112399914726,0.0284970270486
