,ftype,K,d,c1,c2,c3,c4,c5,e11,e12,e21,e22,e31,e32,e41,e42,e51,e52,a1,lb1,ub1,lb2,ub2,rms_err,max_err
0,SMA,5,2,8166.71270248,4.35485260121e-12,6.55604308915e-16,11757.0180086,1235988.87995,8.04018560206,23.6723127399,-6.92033557409,56.9303414413,-9.30061196751,12.2371327095,8.93699698061,6.31533174341,6.85424473011,757.49948877,7.4778155448,0.0440961654561,0.301568599067,0.75,0.99,0.0444307038758,0.114817865909
