,ftype,K,d,c1,c2,c3,c4,c5,e11,e12,e21,e22,e31,e32,e41,e42,e51,e52,a1,lb1,ub1,lb2,ub2,rms_err,max_err
0,SMA,5,2,0.891999597361,9.15340880699e-07,2.32544578293e-09,4.31124957085,112.262604582,2.32173391332,30.1226497984,-3.87327550994,50.6504050261,-5.58268181421,7.90396218062,3.2296746764,5.68570453417,5.04335549283,47.6181870085,5.48962897045,0.0440961654561,0.301568599067,0.75,0.99,0.0154778477087,0.036467406941
