,ftype,K,d,c1,c2,c3,c4,c5,e11,e12,e21,e22,e31,e32,e41,e42,e51,e52,a1,lb1,ub1,lb2,ub2,rms_err,max_err
0,MA,5,2,0.00481463022999,0.10075351828,0.0209049464929,5.48613418006,6.72530220761,-1.36238470221,1.83761957041,-0.216538913638,1.87145145637,-0.944632541201,7.57262344059,1.38884487715,3.9333572339,1.60981084939,1.03847409948,1,0.0440961654561,0.231513137534,0.75,0.99,0.0498296034023,0.14781553425
