ub0,ub1,rms_err,e31,e30,e11,e10,ftype,c4,lb1,lb0,K,a1,c3,c2,c1,c0,e21,e40,e41,e20,d,e00,e01,max_err
0.2610731573912069,0.98999999999999999,0.034949136370508047,6.7349789314267996,0.60241756271446467,2.111289478448894,1.1537543552456726,MA,0.0089831766147223657,0.75,0.064773577481849989,5,1,0.9186653079898448,0.0094662174489807197,1.6843428546208015,0.13493630047415586,2.5933187117563548,-1.3990229539667702,1.6889537395093908,-1.3964150488173444,2,-0.21288142017454378,1.7217150041812812,0.10634774966071281
