,ftype,K,d,c1,c2,c3,c4,c5,e11,e12,e21,e22,e31,e32,e41,e42,e51,e52,a1,lb1,ub1,lb2,ub2,rms_err,max_err
0,MA,5,2,0.00284209198172,0.00968550509241,5.05358095473,0.06219097574,6.21166813913,-1.44003591314,1.82248905527,-1.13451491192,6.80551548886,1.46724028588,4.6621754777,-0.273213965839,1.82730269167,1.7080383133,1.23317869047,1,0.0440961654561,0.226015552419,0.75,0.99,0.0490797499616,0.114496594003
