,ftype,K,d,c1,c2,c3,c4,c5,e11,e12,e21,e22,e31,e32,e41,e42,e51,e52,a1,lb1,ub1,lb2,ub2,rms_err,max_err
0,SMA,5,2,5.35346718107e-11,3300.42957887,3611.86547669,1.06601618713e-14,17962.0882801,-6.28774059403,55.6773146177,7.97323561973,6.08912605712,7.36858955948,22.4800008054,-8.64308043972,11.6741032622,6.34312499999,389.245604025,7.08468977975,0.0440961654561,0.301568599067,0.75,0.99,0.0377276387414,0.094056226422
