,ftype,K,d,c1,c2,c3,c4,c5,e11,e12,e21,e22,e31,e32,e41,e42,e51,e52,a1,lb1,ub1,lb2,ub2,rms_err,max_err
0,SMA,5,2,0.03600218891,0.404516736738,0.0562235841714,31.7245478936,0.521659338202,0.25044029338,36.6979984136,0.0300996484361,0.86357879551,-0.533508972024,-0.100123649238,6.45851905602,9.88973844127,0.164013190737,-0.342291265723,0.123765089664,0.0440961654561,0.301568599067,0.75,0.99,0.0112059734198,0.0259249910425
