ub0,ub1,rms_err,e31,e30,e11,e10,ftype,c4,lb1,lb0,K,a1,c3,c2,c1,c0,e21,e40,e41,e20,d,e00,e01,max_err
0.2610731573912069,0.98999999999999999,0.0043300020700869184,0.35203608901889338,0.31384457309600544,0.54072493745670935,-2.9617887369682125,SMA,0.063455026111466639,0.75,0.064773577481849989,5,0.5010148506942661,0.78646087445942325,10.905611386884583,1.4535109707620083e-05,0.013904677478074041,8.8477554255063637,0.055765184452561241,41.592481808066353,3.8646503950125233,2,-0.67595053995073895,7.8286553831878818,0.013324975717942333
