,ftype,K,d,c1,c2,c3,c4,c5,e11,e12,e21,e22,e31,e32,e41,e42,e51,e52,a1,lb1,ub1,lb2,ub2,rms_err,max_err
0,SMA,5,2,0.010184009872,0.427203002179,0.110817055401,0.452668629003,12.4852643064,0.379637225343,34.1703758717,0.0607224867671,-0.217116772773,-0.220683630712,-0.1033451971,0.0221708527722,0.323550210139,6.89061326458,3.48419273581,0.0262371462898,0.0440961654561,0.301568599067,0.75,0.99,0.00984129963847,0.024164790773
