,ftype,K,d,c1,c2,c3,c4,c5,e11,e12,e21,e22,e31,e32,e41,e42,e51,e52,a1,lb1,ub1,lb2,ub2,rms_err,max_err
0,SMA,5,2,0.0151361650183,1.36663127926e-05,0.0338983999977,0.926914535589,4.50104211467,-0.403989553568,-0.485466679537,-1.95733397297,34.7382648341,0.667836768133,23.2951362141,-0.00448291739001,0.0686222144663,5.1104671242,1.1090338886,0.0511498552003,0.0440961654561,0.301568599067,0.75,0.99,0.00822797120606,0.0169725930537
