,ftype,K,d,c1,c2,c3,c4,e11,e12,e21,e22,e31,e32,e41,e42,a1,lb1,ub1,lb2,ub2,rms_err,max_err
0,SMA,4,2,0.000751615236818,0.505806108499,0.435909205389,0.555911659584,-0.0458235913259,34.0037628014,4.66172158086,5.80048026002,0.00149041642858,0.120127537889,-0.00556277814861,-0.0816490450818,0.0053992213495,0.0440961654561,0.301568599067,0.75,0.99,0.0116052389623,0.02783729966
