ub0,ub1,rms_err,e31,e30,e11,e10,ftype,c4,lb1,lb0,K,a1,c3,c2,c1,c0,e21,e40,e41,e20,d,e00,e01,max_err
0.2610731573912069,0.98999999999999999,0.0046532652919391536,2.2531653934515812,-1.8624082724296693,10.260325180785873,6.3147913055261968,SMA,0.066506102149323357,0.75,0.064773577481849989,5,0.81058253762859922,0.0005453529608918931,0.00032978752884550038,191.29051776083492,0.5410269018112237,-9.8217405953786994,-0.08428262456237208,32.492229077849899,-0.1883053690208881,2,0.42688370183308572,1.1200804634940076,0.011189612516994574
