ub0,ub1,rms_err,e31,e30,e11,e10,ftype,c4,lb1,lb0,K,a1,c3,c2,c1,c0,e21,e40,e41,e20,d,e00,e01,max_err
0.2610731573912069,0.98999999999999999,0.034363652435121086,2.1117290091202157,1.0963344144976956,1.7838590039089315,-0.18892860381195792,MA,0.89012522202255939,0.75,0.064773577481849989,5,1,1.5420225299957648,0.0094757507402569718,0.14483193465163768,0.01795544806191976,1.8047552171546479,0.57932643629467373,6.7578072403595844,-1.3889519425683814,2,-1.0755128950653754,1.5323337876308862,0.090059399599617285
