,ftype,K,d,c1,c2,c3,c4,c5,e11,e12,e21,e22,e31,e32,e41,e42,e51,e52,a1,lb1,ub1,lb2,ub2,rms_err,max_err
0,MA,5,2,0.100753517332,0.0194685914164,6.72530214718,0.00459710283093,5.48613414982,-0.216538917409,1.87145145686,-0.968255481593,7.00606877218,1.60981084428,1.03847410324,-1.37389398442,1.78111774896,1.38884487471,3.9333572173,1,0.0440961654561,0.231513137534,0.75,0.99,0.0498498520935,0.14781553613
