,ftype,K,d,c1,c2,c3,c4,c5,e11,e12,e21,e22,e31,e32,e41,e42,e51,e52,a1,lb1,ub1,lb2,ub2,rms_err,max_err
0,SMA,5,2,0.000332090923373,0.59184098018,0.217306003844,58.3883898564,0.150457703193,-1.59026088178,34.1509444637,-0.152097106989,0.158388739912,1.26745127857,48.1678556617,5.91094668338,1.87938758715,0.569093560074,7.2171561532,0.313235812546,0.0440961654561,0.301568599067,0.75,0.99,0.007729936714,0.0151984289997
