,ftype,K,d,c1,c2,c3,c4,c5,e11,e12,e21,e22,e31,e32,e41,e42,e51,e52,a1,lb1,ub1,lb2,ub2,rms_err,max_err
0,SMA,5,2,0.0527833051012,1.80872652988e-06,87.211555736,2.51099047743e-06,0.310867929401,0.124857777657,33.8642540185,-3.80052983799,5.38056129721,5.14163137684,37.4314151457,-3.75665392166,45.6553867924,1.26733334532,4.40309979261,4.36061425258,0.0440961654561,0.301568599067,0.75,0.99,0.0118991824508,0.0295795228288
