,ftype,K,d,c1,c2,c3,c4,c5,e11,e12,e21,e22,e31,e32,e41,e42,e51,e52,a1,lb1,ub1,lb2,ub2,rms_err,max_err
0,SMA,5,2,12493.9324703,1.20883571913e-14,1.07667554818e-16,2.49290622347e-06,184114.786673,8.29200442086,38.0242516203,-8.10147084379,25.6339873439,-9.24126397957,9.20265244635,-6.73132267392,1494.0929717,10.5059412084,6.3320861498,7.1040959974,0.0440961654561,0.254873630576,0.75,0.99,0.0498475855037,0.145544046576
