,ftype,K,d,c1,c2,c3,c4,c5,e11,e12,e21,e22,e31,e32,e41,e42,e51,e52,a1,lb1,ub1,lb2,ub2,rms_err,max_err
0,SMA,5,2,0.000110108665256,1.55351161947e-12,4.09042010729e-15,2664.32847012,4711.77415994,-5.76885478284,1397.25771854,-7.17904127239,27.4630188241,-8.80562270255,9.74674510623,6.82742707505,43.0172622554,7.87961553586,7.76322173479,7.05032708374,0.0440961654561,0.301568599067,0.75,0.99,0.0377640989876,0.0935105820302
