,ftype,K,d,c1,c2,c3,c4,e11,e12,e21,e22,e31,e32,e41,e42,a1,lb1,ub1,lb2,ub2,rms_err,max_err
0,SMA,4,2,0.575359238122,0.00553426749136,2.88882635997,0.377795728641,-0.00889518886962,0.231200763851,0.0845837287186,33.1159146755,4.68217016189,5.34639885642,-0.0231462889995,-0.252164102168,0.0316784656924,0.0440961654561,0.301568599067,0.75,0.99,0.0114006788486,0.0275728474444
