,ftype,K,d,c1,c2,c3,c4,c5,e11,e12,e21,e22,e31,e32,e41,e42,e51,e52,a1,lb1,ub1,lb2,ub2,rms_err,max_err
0,SMA,5,2,2.00499716356e-09,126.881853395,0.704933984057,4.41932449453,7.14174554569e-07,-5.62226998388,7.9761061682,5.14011441824,45.5081602244,2.20751730091,31.5202973838,3.25745112072,5.79514601311,-3.95249775067,50.9380846357,5.54151615586,0.0440961654561,0.301568599067,0.75,0.99,0.0154970079625,0.0366717093268
