,ftype,K,d,c1,c2,c3,c4,e11,e12,e21,e22,e31,e32,e41,e42,a1,lb1,ub1,lb2,ub2,rms_err,max_err
0,SMA,4,2,101042.765402,4.62092635243e-13,4562.07223003,9.47039423654e-15,10.1305382608,6.00708004309,-7.13948244025,52.1443090709,7.8492670995,38.0319217299,-7.91863095814,10.1502120378,6.04650123642,0.0440961654561,0.226015552419,0.75,0.99,0.0496985352486,0.139403366534
