ub0,ub1,rms_err,e31,e30,e11,e10,ftype,c4,lb1,lb0,K,a1,c3,c2,c1,c0,e21,e40,e41,e20,d,e00,e01,max_err
0.2610731573912069,0.98999999999999999,0.032007717598685093,4.3266612883444857,0.62351279610221866,1.8318812642491291,-0.20157381647618697,MA,0.12499378962355433,0.75,0.064773577481849989,5,1,0.63489001981984272,0.068703695449296928,0.15588346118852262,0.077564585540552247,5.9848034721444021,-0.46266766856280894,3.2143858317610907,-0.90370229885319842,2,-0.79665541056447975,4.647986939012104,0.089027478849545316
