,ftype,K,d,c1,c2,c3,c4,c5,e11,e12,e21,e22,e31,e32,e41,e42,e51,e52,a1,lb1,ub1,lb2,ub2,rms_err,max_err
0,SMA,5,2,0.0398626183573,5.66435553293,0.917045763455,0.0221955973748,5.54641653087e-05,0.670335157764,22.8450382528,5.2566084572,1.00674677428,0.00285045239545,0.0794355195808,-0.420881023254,-0.32002803043,-1.54676051079,30.3675268293,0.0596851663122,0.0440961654561,0.301568599067,0.75,0.99,0.00848410062717,0.0171042984257
