,ftype,K,d,c1,c2,c3,c4,e11,e12,e21,e22,e31,e32,e41,e42,a1,lb1,ub1,lb2,ub2,rms_err,max_err
0,SMA,4,2,0.00075630318172,0.508926595067,0.44060544075,0.551164712192,-0.0458187308673,34.0034476524,4.66169824711,5.80056983168,0.00144809851451,0.119404271078,-0.00561693822625,-0.0827208543592,0.00543279274293,0.0440961654561,0.301568599067,0.75,0.99,0.0116052452282,0.027837310187
