,ftype,K,d,c1,c2,c3,c4,c5,e11,e12,e21,e22,e31,e32,e41,e42,e51,e52,a1,lb1,ub1,lb2,ub2,rms_err,max_err
0,SMA,5,2,7.19993179939e-07,5.49901033384,9.35135654499,74.9823064911,6.36727651479e-10,-3.85722028113,48.6135573116,3.79822113884,3.71531790511,3.64773292569,13.3806131362,4.488945929,56.6984741135,-5.91396752662,8.22555129103,5.55585243512,0.0440961654561,0.301568599067,0.75,0.99,0.0177385398105,0.0447624875534
