ub0,ub1,rms_err,e31,e30,e11,e10,ftype,c4,lb1,lb0,K,a1,c3,c2,c1,c0,e21,e40,e41,e20,d,e00,e01,max_err
0.2610731573912069,0.98999999999999999,0.0052569934180164901,0.36812012022032237,-0.0042684537313003607,-0.24862011842675491,-4.1346012364112612,SMA,0.42063952603419891,0.75,0.064773577481849989,5,0.11017915812724995,0.46571466774974957,0.066427826479294919,8.4787982488101563e-08,7.6539067852127225,26.486719531904317,-0.052692218450516415,-0.11209368094774685,0.6894099856095921,2,5.0804997869978745,0.18779087828601396,0.013238733598265662
