,ftype,K,d,c1,c2,c3,c4,e11,e12,e21,e22,e31,e32,e41,e42,a1,lb1,ub1,lb2,ub2,rms_err,max_err
0,SMA,4,2,0.483084940562,0.445955599478,0.0124060387689,3.68410299439,-0.0134533818509,0.367579002439,-0.0324261129412,-0.262917437801,0.299517572081,36.7850536203,4.56316042666,4.30402192416,0.0496614035355,0.0440961654561,0.301568599067,0.75,0.99,0.0109469280935,0.0296093766142
