,ftype,K,d,c1,c2,c3,c4,c5,e11,e12,e21,e22,e31,e32,e41,e42,e51,e52,a1,lb1,ub1,lb2,ub2,rms_err,max_err
0,SMA,5,2,0.486267549593,0.0352826099844,0.056571082802,0.440049273516,31.4615161409,0.166397858479,-0.383230201294,0.248302464764,36.6715687111,-0.529984086673,-0.098253259645,0.0359135958199,0.806165768654,6.46706144666,9.89079102483,0.121538502188,0.0440961654561,0.301568599067,0.75,0.99,0.0112057753629,0.0259085546175
