,ftype,K,d,c1,c2,c3,c4,c5,e11,e12,e21,e22,e31,e32,e41,e42,e51,e52,a1,lb1,ub1,lb2,ub2,rms_err,max_err
0,MA,5,2,0.00419097347571,5.55823433366,6.97516748337,0.0973267300586,0.0148381776454,-1.37689907272,1.68304463218,1.41993665837,3.94531334686,1.65259955597,1.07206244986,-0.191820133987,1.72344603988,-1.04164375472,6.15428120536,1,0.0440961654561,0.226015552419,0.75,0.99,0.0485432123798,0.123892929338
