ub0,ub1,rms_err,e31,e30,e11,e10,ftype,c4,lb1,lb0,K,a1,c3,c2,c1,c0,e21,e40,e41,e20,d,e00,e01,max_err
0.2610731573912069,0.98999999999999999,0.0052292384309686295,3.566562133602754,-27.318739017091847,-1.1422997781625368,7.794553713690842,SMA,0.0051513354131544975,0.75,0.064773577481849989,5,0.012185253937644337,9.6348665795514703e-37,0.98158089474114196,17.326781805938449,0.011611237950013941,0.0076343361645469969,0.67948213855511974,42.72973836506295,-0.0051010068571502708,2,0.78069187193192935,5.1080720151772576,0.012326081377563525
