,ftype,K,d,c1,c2,c3,c4,c5,e11,e12,e21,e22,e31,e32,e41,e42,e51,e52,a1,lb1,ub1,lb2,ub2,rms_err,max_err
0,SMA,5,2,0.20608954046,0.0926992321267,0.685209402038,0.0128215031911,9.58391276215,-0.172766598123,-0.00892063383772,0.0736297620766,1.16146087991,0.059436154573,-0.0587001340294,0.392664069537,35.3657346955,6.35599741041,2.53272356707,0.0344313865752,0.0440961654561,0.301568599067,0.75,0.99,0.00946176760424,0.0235387672959
