,ftype,K,d,c1,c2,c3,c4,c5,e11,e12,e21,e22,e31,e32,e41,e42,e51,e52,a1,lb1,ub1,lb2,ub2,rms_err,max_err
0,SMA,5,2,8.73940649761e-08,1.27239799285e-08,0.0251835687097,85.0171979275,0.76565633635,-4.76951056898,53.4899293406,-5.14601678943,7.57494750256,0.283673320339,37.330538834,5.09296295161,40.643485441,2.33130730157,5.77635002592,5.65456959295,0.0440961654561,0.301568599067,0.75,0.99,0.0121590653081,0.0341021545915
