,ftype,K,d,c1,c2,c3,c4,c5,e11,e12,e21,e22,e31,e32,e41,e42,e51,e52,a1,lb1,ub1,lb2,ub2,rms_err,max_err
0,SMA,5,2,2828.48356105,1.33439031691e-14,1.02579284345e-34,62564.0914027,5.02931177355e-13,7.72878724156,42.7028161985,-7.77505012999,11.3792531228,-9.10450002318,-130.94475803,10.0302384127,6.48090875218,-7.05267702238,57.969655061,5.82413077929,0.0440961654561,0.22064851472,0.75,0.99,0.0476793629254,0.113629161968
