,ftype,K,d,c1,c2,c3,c4,c5,e11,e12,e21,e22,e31,e32,e41,e42,e51,e52,a1,lb1,ub1,lb2,ub2,rms_err,max_err
0,SMA,5,2,0.926914696243,1.36662784397e-05,4.50103159183,0.0338983229058,0.0151361369774,-0.00448290555202,0.0686220545217,-1.95733401383,34.738265603,5.11046706854,1.10903370333,0.667836773671,23.2951358171,-0.403989471317,-0.485466747475,0.051149734518,0.0440961654561,0.301568599067,0.75,0.99,0.0082279711862,0.0169725929156
