,ftype,K,d,c1,c2,c3,c4,c5,e11,e12,e21,e22,e31,e32,e41,e42,e51,e52,a1,lb1,ub1,lb2,ub2,rms_err,max_err
0,SMA,5,2,3080.18798285,55569.121852,3.28686601097e-16,1.16170421861e-14,1.77009268458e-13,8.0416801569,45.0307910878,10.3227942365,7.07371534795,-8.40379589896,7.30012797099,-7.78448276844,22.2488582957,-7.26804037729,89.8775959897,6.05731255919,0.0440961654561,0.226015552419,0.75,0.99,0.0492040397258,0.131682561091
