,ftype,K,d,c1,c2,c3,c4,c5,e11,e12,e21,e22,e31,e32,e41,e42,e51,e52,a1,lb1,ub1,lb2,ub2,rms_err,max_err
0,SMA,5,2,1.48323553024e-12,497.321201908,4.04151172286e-09,247.693406126,829.678914091,-7.44406968501,10.342294575,5.95468947768,21.633393471,-5.19105682168,52.5621194093,6.12771613203,5.5322163357,5.70529460732,147.67356065,6.39819154737,0.0440961654561,0.301568599067,0.75,0.99,0.0273936213766,0.0751844018515
