,ftype,K,d,c1,c2,c3,c4,c5,e11,e12,e21,e22,e31,e32,e41,e42,e51,e52,a1,lb1,ub1,lb2,ub2,rms_err,max_err
0,SMA,5,2,0.0578693148411,0.669776147287,0.0230952332539,0.00312498027909,6.85654186537,-0.220934194976,62.946867796,0.462388868208,1.04626225852,-0.662060954606,9.0381706573,-1.60652346195,0.847987297914,3.06131658843,22.3077943878,1.2522617459,0.0440961654561,0.301568599067,0.75,0.99,0.0119281693614,0.026145211767
