,ftype,K,d,c1,c2,c3,c4,c5,e11,e12,e21,e22,e31,e32,e41,e42,e51,e52,a1,lb1,ub1,lb2,ub2,rms_err,max_err
0,SMA,5,2,0.288434164708,9.59569946206,0.321235556306,0.0312584262706,0.266545637503,-0.0499633746088,-0.429734378584,4.91205380821,2.8830082661,0.100785832856,0.711147006261,0.288603757876,33.2342760237,-0.145744931251,0.224684298544,0.113033903169,0.0440961654561,0.301568599067,0.75,0.99,0.00954685343924,0.0262620255452
