,ftype,K,d,c1,c2,c3,c4,c5,e11,e12,e21,e22,e31,e32,e41,e42,e51,e52,a1,lb1,ub1,lb2,ub2,rms_err,max_err
0,SMA,5,2,2.32764476985e-08,1.76853904258,0.0201905866451,110.510757558,1.67386910588e-09,-5.12795025465,53.875189703,2.94811051557,6.22558874407,0.411420632429,39.2105268769,5.17375570517,42.1812675737,-5.68149265441,8.33115286745,6.00715253941,0.0440961654561,0.301568599067,0.75,0.99,0.0131932909577,0.03610588785
