,ftype,K,d,c1,c2,c3,c4,e11,e12,e21,e22,e31,e32,e41,e42,a1,lb1,ub1,lb2,ub2,rms_err,max_err
0,SMA,4,2,1.83024052848e-12,40154.3961681,7745.20538688,3.99885566026e-16,-7.09704816363,58.8394534844,9.44844958428,7.54170816688,7.73828356419,42.9999501002,-9.32764449963,12.2010277813,7.45013681465,0.0440961654561,0.287416360812,0.75,0.99,0.0471092973753,0.128349165242
