ub0,ub1,rms_err,e31,e30,e11,e10,ftype,c4,lb1,lb0,K,a1,c3,c2,c1,c0,e21,e40,e41,e20,d,e00,e01,max_err
0.2610731573912069,0.98999999999999999,0.021869063082535153,12.979311980081961,-9.6985691495990984,29.811619973114468,10.215327489312983,SMA,9.2009900646080958,0.75,0.064773577481849989,5,9.5120472927518254,4.8365808857811685e-19,2.6596653112159285e-17,84.560303423048808,609.44844356183921,58.517460752862846,10.212699545455376,11.679906120942412,-8.965078156299608,2,10.047656923160728,93.73924819335231,0.059049746620543964
