,ftype,K,d,c1,c2,c3,c4,c5,e11,e12,e21,e22,e31,e32,e41,e42,e51,e52,a1,lb1,ub1,lb2,ub2,rms_err,max_err
0,SMA,5,2,0.00431405760261,0.51530966248,0.000198256039237,1.38445523688,4.77873429613,-1.24143569401,13.7877125012,0.699510458824,2.14123741117,-2.43324160704,1.9897789103,-1.03628667862,606.454869939,2.45637570152,29.7840297657,2.26624694283,0.0440961654561,0.301568599067,0.75,0.99,0.0122409475722,0.0265408679544
