,ftype,K,d,c1,c2,c3,c4,c5,e11,e12,e21,e22,e31,e32,e41,e42,e51,e52,a1,lb1,ub1,lb2,ub2,rms_err,max_err
0,SMA,5,2,41.6310143392,2.87399252144e-08,351.963029003,1.24204092102e-11,115.949555433,5.31958161397,3.67406266643,-4.68377350542,51.2043139546,5.42403298571,58.1054034462,-6.91609912019,9.61025415366,5.18673505495,13.639636576,6.10256530439,0.0440961654561,0.301568599067,0.75,0.99,0.0236619763857,0.0661749916357
