,ftype,K,d,c1,c2,c3,c4,e11,e12,e21,e22,e31,e32,e41,e42,a1,lb1,ub1,lb2,ub2,rms_err,max_err
0,SMA,4,2,1286.22051238,1374.22800695,1.82469816664e-13,6.66994338102e-10,6.93313893584,7.42870160217,6.28575956414,42.1513657535,-7.95525060761,10.9867325806,-5.63896798565,54.7452811037,6.66448640699,0.0440961654561,0.301568599067,0.75,0.99,0.0323311917217,0.0847352754917
