,ftype,K,d,c1,c2,c3,c4,c5,e11,e12,e21,e22,e31,e32,e41,e42,e51,e52,a1,lb1,ub1,lb2,ub2,rms_err,max_err
0,SMA,5,2,0.0155370859101,0.083594475744,0.877241936056,28.5214223792,0.0286302268999,0.287518752938,33.4396391586,-0.324732651027,-0.100593891278,0.0510860031776,0.145028561719,7.18507455635,5.64290145796,0.225931095253,-1.80634795091,0.045846182688,0.0440961654561,0.301568599067,0.75,0.99,0.0104243405906,0.0249952726104
