,ftype,K,d,c1,c2,c3,c4,c5,e11,e12,e21,e22,e31,e32,e41,e42,e51,e52,a1,lb1,ub1,lb2,ub2,rms_err,max_err
0,MA,5,2,0.0953673477561,6.70552394675,0.00537687022136,5.5703787169,0.112840975438,-0.913611974763,144.104017521,1.58348321017,1.02478974672,-1.34684278713,1.85840474134,1.37349079638,3.9094605286,-0.205800035964,1.97346257999,1,0.0440961654561,0.231513137534,0.75,0.99,0.0476788061556,0.140968512399
