,ftype,K,d,c1,c2,c3,c4,c5,e11,e12,e21,e22,e31,e32,e41,e42,e51,e52,a1,lb1,ub1,lb2,ub2,rms_err,max_err
0,SMA,5,2,1.52365893845e-05,0.0398218145856,0.880247430209,5.71090029802,0.049954342609,-1.99091240711,35.2596894556,0.71331770707,24.5316231481,-0.00196819808751,0.104491374969,5.16671255326,1.20205022534,-0.245021177006,-0.44163304208,0.0594128037349,0.0440961654561,0.301568599067,0.75,0.99,0.00797619965183,0.0163458172918
