,ftype,K,d,c1,c2,c3,c4,c5,e11,e12,e21,e22,e31,e32,e41,e42,e51,e52,a1,lb1,ub1,lb2,ub2,rms_err,max_err
0,SMA,5,2,1.27828711586e-07,79.6044729209,0.417723901162,3.99401989762e-07,0.0323323003727,-4.52728642393,6.61713140595,5.07848898026,39.2962457762,1.76321269936,5.17938997975,-4.32987220694,51.313179176,0.16074849205,35.1913870127,5.12339654498,0.0440961654561,0.301568599067,0.75,0.99,0.0118180803099,0.0317612891135
