,ftype,K,d,c1,c2,c3,c4,c5,e11,e12,e21,e22,e31,e32,e41,e42,e51,e52,a1,lb1,ub1,lb2,ub2,rms_err,max_err
0,SMA,5,2,15924.2195788,2.51935039878e-16,5263.02920638,1.00392319286e-13,4.72016195349e-07,8.83069884094,7.96270262776,-9.45395649604,10.2717143976,7.41807394361,43.9912270539,-7.87955825032,29.3160853549,-6.28103904987,1073.41795137,7.45832341974,0.0440961654561,0.301568599067,0.75,0.99,0.0444963595993,0.115363479465
