,ftype,K,d,c1,c2,c3,c4,e11,e12,e21,e22,e31,e32,e41,e42,a1,lb1,ub1,lb2,ub2,rms_err,max_err
0,SMA,4,2,0.396068435721,0.00753007410965,2.81944536656,0.554505743422,-0.0233167395583,-0.256154609665,0.227674589649,35.1583350198,4.63657154133,4.76604273991,-0.00994053795174,0.256414922827,0.0337796169551,0.0440961654561,0.301568599067,0.75,0.99,0.0112400051711,0.0284973048683
