,ftype,K,d,c1,c2,c3,c4,c5,e11,e12,e21,e22,e31,e32,e41,e42,e51,e52,a1,lb1,ub1,lb2,ub2,rms_err,max_err
0,SMA,5,2,4452.91789603,1.89733298722e-13,80926.5770463,3.35795977189e-15,13748.5835732,7.33966328298,234.716170982,-7.33427561687,50.686149231,10.5064083089,4.44280356943,-8.11756126164,10.2168734268,8.8990287474,20.9048580058,6.09846404379,0.0440961654561,0.226015552419,0.75,0.99,0.0497364554797,0.133966069428
