,ftype,K,d,c1,c2,c3,c4,c5,e11,e12,e21,e22,e31,e32,e41,e42,e51,e52,a1,lb1,ub1,lb2,ub2,rms_err,max_err
0,SMA,5,2,29.9947379032,9.02249779371e-11,170.300039699,16.2977499636,1.5917672112e-07,4.38570031863,14.0597626296,-6.41512870915,8.93992348407,4.99261210993,56.3914089061,4.53980179754,3.99162351231,-4.23976187031,49.8251042897,5.83944308156,0.0440961654561,0.301568599067,0.75,0.99,0.0204606461186,0.0557242337918
