,ftype,K,d,c1,c2,c3,c4,c5,e11,e12,e21,e22,e31,e32,e41,e42,e51,e52,a1,lb1,ub1,lb2,ub2,rms_err,max_err
0,SMA,5,2,154614.295958,6.14136484327e-17,37861.5783444,2.20194479635e-13,643363.267423,10.8059578369,5.08595105942,-9.6093433459,12.2807179671,9.24865547576,22.6318841301,-7.48090948257,58.8607383148,7.80367081264,598.879281169,7.56742302555,0.0440961654561,0.267423481025,0.75,0.99,0.0496059408566,0.123532796751
