,ftype,K,d,c1,c2,c3,c4,c5,e11,e12,e21,e22,e31,e32,e41,e42,e51,e52,a1,lb1,ub1,lb2,ub2,rms_err,max_err
0,SMA,5,2,100910.956489,5.74680900373e-17,2.54412041576e-07,12160.7788611,1.20987541203e-14,10.1044396424,7.1672053944,-9.61885754421,10.1467479989,-6.62045957071,1195.79862499,8.12934504652,41.6883014263,-8.29203398371,29.6359912573,7.50739899711,0.0440961654561,0.273928269449,0.75,0.99,0.0471852132646,0.119543459812
