,ftype,K,d,c1,c2,c3,c4,c5,e11,e12,e21,e22,e31,e32,e41,e42,e51,e52,a1,lb1,ub1,lb2,ub2,rms_err,max_err
0,SMA,5,2,2.1344076386,0.00986992664853,0.0116946696326,0.97315219558,1.296445527e-05,5.47948689397,1.07207189352,0.977660184371,37.3367565539,0.59570407026,4.80574910649,-0.00771227705442,0.00661097294969,-1.64797640288,32.4661422474,0.015385467034,0.0440961654561,0.301568599067,0.75,0.99,0.00761547880814,0.0161400724207
