,ftype,K,d,c1,c2,c3,c4,c5,e11,e12,e21,e22,e31,e32,e41,e42,e51,e52,a1,lb1,ub1,lb2,ub2,rms_err,max_err
0,SMA,5,2,0.00142328055928,0.0572921675082,12.2291470241,0.0760666922757,0.861321574243,-0.735893407741,22.6012444738,-0.399805843225,-0.189008008165,5.66167970276,0.893289298206,0.876086395262,25.0404512419,0.0300078109557,0.145812313229,0.0992646774792,0.0440961654561,0.301568599067,0.75,0.99,0.0087662851549,0.0175230268031
