,ftype,K,d,c1,c2,c3,c4,c5,e11,e12,e21,e22,e31,e32,e41,e42,e51,e52,a1,lb1,ub1,lb2,ub2,rms_err,max_err
0,SMA,5,2,0.0555053206688,30.367200676,0.0343622699098,0.559178473784,0.368997563339,-0.525158644647,-0.116373443144,6.47871427964,9.83141936276,0.257492428508,36.5944604282,0.154262624214,-0.292386442616,0.0186138169815,0.877121282223,0.115970128429,0.0440961654561,0.301568599067,0.75,0.99,0.0112066708873,0.0259196458147
