,ftype,K,d,c1,c2,c3,c4,e11,e12,e21,e22,e31,e32,e41,e42,a1,lb1,ub1,lb2,ub2,rms_err,max_err
0,SMA,4,2,0.580214343537,2.89970324639,0.372762481383,0.00555565379047,-0.00900670111998,0.229500031194,4.68214792062,5.3466662017,-0.0233074405741,-0.255585640634,0.0845693093489,33.1148033447,0.0318013029683,0.0440961654561,0.301568599067,0.75,0.99,0.0114006838137,0.0275728750612
