,ftype,K,d,c1,c2,c3,c4,c5,e11,e12,e21,e22,e31,e32,e41,e42,e51,e52,a1,lb1,ub1,lb2,ub2,rms_err,max_err
0,SMA,5,2,497.423642757,4.04112271055e-09,247.743067681,835.720780868,1.48308213898e-12,5.9546866907,21.6380865138,-5.19108402278,52.5620258405,6.12773097021,5.53282299532,5.70522112737,148.445045459,-7.44409694617,10.342330712,6.39821786768,0.0440961654561,0.301568599067,0.75,0.99,0.0273936207347,0.0751836492955
