,ftype,K,d,c1,c2,c3,c4,c5,e11,e12,e21,e22,e31,e32,e41,e42,e51,e52,a1,lb1,ub1,lb2,ub2,rms_err,max_err
0,SMA,5,2,1.33351317593e-06,2.89816770218e-09,4.10237378142,89.3331076661,1.24484539176,-3.75288936722,50.1668025921,-5.52392586554,7.79397709957,3.18794423837,5.47996754608,4.8542335683,50.9553944993,2.49258884357,27.4409456448,5.41172241399,0.0440961654561,0.301568599067,0.75,0.99,0.0154833533438,0.0361087508668
