,ftype,K,d,c1,c2,c3,c4,c5,e11,e12,e21,e22,e31,e32,e41,e42,e51,e52,a1,lb1,ub1,lb2,ub2,rms_err,max_err
0,SMA,5,2,1.29625538458e-05,0.97315608788,0.00986848028536,2.13409733823,0.0116929956293,-1.64797620607,32.466133048,-0.00771114373028,0.0066100023973,0.977659756942,37.3367634332,5.4794869345,1.07206808767,0.595705259049,4.80574837914,0.0153832061999,0.0440961654561,0.301568599067,0.75,0.99,0.00761547867269,0.0161400641152
