ub0,ub1,rms_err,e31,e30,e11,e10,ftype,c4,lb1,lb0,K,a1,c3,c2,c1,c0,e21,e40,e41,e20,d,e00,e01,max_err
0.2610731573912069,0.98999999999999999,0.028612953624689196,3.2191742042003937,-1.2857007150107409,1.4849818195298881,-1.3759226137292453,MA,0.70934917516349327,0.75,0.064773577481849989,5,1,0.011848022059845986,0.087637064588038757,0.0089097803283715356,0.5554530837452667,1.5854285158169925,0.75000409567510329,2.0205448820604519,-0.38279069279458,2,0.40041696758365014,7.5104854377793817,0.078676180769910786
