,ftype,K,d,c1,c2,c3,c4,e11,e12,e21,e22,e31,e32,e41,e42,a1,lb1,ub1,lb2,ub2,rms_err,max_err
0,SMA,4,2,0.505704164787,0.397816887977,0.00181325509782,0.484834742941,0.0014908752883,0.11439177065,4.38694777061,3.75658236924,0.331527882727,34.494228361,-0.00745754281443,-0.102197240746,0.00645975348644,0.0440961654561,0.301568599067,0.75,0.99,0.0105307688631,0.0286118646797
