,ftype,K,d,c1,c2,c3,c4,c5,e11,e12,e21,e22,e31,e32,e41,e42,e51,e52,a1,lb1,ub1,lb2,ub2,rms_err,max_err
0,SMA,5,2,0.0203058583001,1.76850010925,1.67661124827e-09,110.674085606,2.34029457471e-08,0.413884500872,39.2013224246,2.94787606795,6.22477136864,-5.68105277252,8.33039460761,5.1749324213,42.1812232816,-5.12621986487,53.872132191,6.00656475001,0.0440961654561,0.301568599067,0.75,0.99,0.0131932918834,0.0361044752294
