ub0,ub1,rms_err,e31,e30,e11,e10,ftype,c4,lb1,lb0,K,a1,c3,c2,c1,c0,e21,e40,e41,e20,d,e00,e01,max_err
0.2610731573912069,0.98999999999999999,0.0071779427434607492,0.51401646579734894,3.7923007865944012,38.858905223292425,-0.11941003545272937,SMA,0.99200781078807099,0.75,0.064773577481849989,5,0.0032028615881657192,0.10406056798547871,1.0410425554638204e-10,0.00040825440458080049,0.0050504352392774414,3.4211478616081368,-0.0013438508056026004,0.002856649581957874,-5.2512443120292529,2,1.07909784640151,10.23558511783256,0.017816720204968162
