,ftype,K,d,c1,c2,c3,c4,c5,e11,e12,e21,e22,e31,e32,e41,e42,e51,e52,a1,lb1,ub1,lb2,ub2,rms_err,max_err
0,SMA,5,2,0.032243721587,0.417723209577,79.4537301981,3.98296378969e-07,1.27792511037e-07,0.159492053876,35.188437153,1.76325071838,5.17940387308,5.07679251478,39.2978676636,-4.33078231548,51.3238010298,-4.52737162911,6.61720756399,5.12346910018,0.0440961654561,0.301568599067,0.75,0.99,0.0118180816787,0.0317605320245
