ub0,ub1,rms_err,e31,e30,e11,e10,ftype,c4,lb1,lb0,K,a1,c3,c2,c1,c0,e21,e40,e41,e20,d,e00,e01,max_err
0.2610731573912069,0.98999999999999999,0.0062805721709257691,101.49748225426768,0.2351515416593738,1.2420672150111456,3.1552781703179802,SMA,0.0019652631086852644,0.75,0.064773577481849989,5,0.0044979144169349661,0.0012591950412463233,1.4305849206086047e-06,0.086234434366419185,0.99241695225439785,0.76671582471374167,0.31560657777953488,13.614180282600794,-2.3413156453000852,2,-0.00063743548526805783,0.0033889858959633501,0.015644685284119886
