ub0,ub1,rms_err,e31,e30,e11,e10,ftype,c4,lb1,lb0,K,a1,c3,c2,c1,c0,e21,e40,e41,e20,d,e00,e01,max_err
0.2610731573912069,0.98999999999999999,0.019988717174961253,3.5245026446460881,-0.73187165787450592,1.5396759476080346,1.3654372789224618,MA,0.017689234475381607,0.75,0.064773577481849989,5,1,0.031122820950892572,0.62176662601060639,2.4187408728913158,1.9194268925911968,1.4440616824343606,-0.88507594960179414,0.95478938356712451,0.62540453065783774,2,1.0646030129291744,5.4279079745926078,0.061415863364556511
