,ftype,K,d,c1,c2,c3,c4,c5,e11,e12,e21,e22,e31,e32,e41,e42,e51,e52,a1,lb1,ub1,lb2,ub2,rms_err,max_err
0,SMA,5,2,6.53209225266e-16,4.34265509331e-12,12341.6584635,11746.6824278,8160.53816285,-9.30179083793,12.2352535289,-6.92133390371,56.9166523293,6.85570625933,298.751905087,8.93714223661,6.31127889431,8.04002209814,23.650446585,7.47770013678,0.0440961654561,0.301568599067,0.75,0.99,0.0444307149011,0.114811733761
