ub0,ub1,rms_err,e31,e30,e11,e10,ftype,c4,lb1,lb0,K,a1,c3,c2,c1,c0,e21,e40,e41,e20,d,e00,e01,max_err
0.2610731573912069,0.98999999999999999,0.031288805930664909,14.728325764187487,19.03183107163256,251.97587862269711,17.182608892742145,SMA,1.7088844687232301e-16,0.75,0.064773577481849989,5,14.90092583460779,13519966.79640303,25734202.096021432,103178982.56778558,1.4313134835983576e-17,39.696436248847768,-5.3193834857883795,101.86887669357209,18.034179317917967,2,-4.4613226584581946,26.62463190103291,0.083090506365054995
