,ftype,K,d,c1,c2,c3,c4,c5,e11,e12,e21,e22,e31,e32,e41,e42,e51,e52,a1,lb1,ub1,lb2,ub2,rms_err,max_err
0,SMA,5,2,9.70554343779e-07,139429.719883,2.05643427967e-13,4.1365780476e-15,6245.39907282,-6.24364680896,1215.87888093,10.0059738824,5.63304785565,-7.29653372082,23.4437388455,-8.24466363086,8.19536726629,7.69792556639,35.139145053,6.29278751306,0.0440961654561,0.231513137534,0.75,0.99,0.0482226967612,0.150299698375
