,ftype,K,d,c1,c2,c3,c4,c5,e11,e12,e21,e22,e31,e32,e41,e42,e51,e52,a1,lb1,ub1,lb2,ub2,rms_err,max_err
0,SMA,5,2,0.234431005777,0.566327995423,0.0112177857709,8.16116914256,0.185254382158,0.0687336576557,0.5883099726,0.0457172379529,-0.148270669619,0.391108971089,34.7363778222,6.34820058765,2.43391444409,-0.171611290079,0.0087509102161,0.0296643982614,0.0440961654561,0.301568599067,0.75,0.99,0.00945822972228,0.023531658969
