ub0,ub1,rms_err,e31,e30,e11,e10,ftype,c4,lb1,lb0,K,a1,c3,c2,c1,c0,e21,e40,e41,e20,d,e00,e01,max_err
0.2610731573912069,0.98999999999999999,0.0060383462893977132,-1.5332482430657532,-1.8555379141644339,35.882311894922708,-0.20124258745972284,SMA,0.0032742652945455821,0.75,0.064773577481849989,5,0.028063130149349972,4.5705522525955505e-05,0.73281825552745672,0.0031841207096341131,0.98269984124855692,4.7652530738906815,-0.71319352360599442,2.6222202488282602,3.5877070065327552,2,0.015765667871605799,0.0092567355253035562,0.017953492021437589
