,ftype,K,d,c1,c2,c3,c4,c5,e11,e12,e21,e22,e31,e32,e41,e42,e51,e52,a1,lb1,ub1,lb2,ub2,rms_err,max_err
0,SMA,5,2,0.926980118273,1.36522907913e-05,0.0338669300128,0.0151247166464,4.4967466777,-0.00447808536923,0.0685569246725,-1.95735065142,34.7385787426,0.667839028607,23.294974157,-0.403955974282,-0.485494404455,5.11044440798,1.10895826099,0.0511005927359,0.0440961654561,0.301568599067,0.75,0.99,0.00822796309713,0.016972536682
