,ftype,K,d,c1,c2,c3,c4,c5,e11,e12,e21,e22,e31,e32,e41,e42,e51,e52,a1,lb1,ub1,lb2,ub2,rms_err,max_err
0,SMA,5,2,113608.137361,5052.27848974,2.34687372209e-16,3.59360149946e-14,3.20461773974e-13,10.2261711878,6.12850940213,7.9296009071,39.302678215,-8.49396526442,4.53153420041,-7.568404698,15.9141002,-7.240426469,70.4854356507,6.11027198524,0.0440961654561,0.226015552419,0.75,0.99,0.0494987141362,0.139249096644
