,ftype,K,d,c1,c2,c3,c4,e11,e12,e21,e22,e31,e32,e41,e42,a1,lb1,ub1,lb2,ub2,rms_err,max_err
0,SMA,4,2,0.0124630609739,3.7012565962,0.444764314224,0.48394541608,0.29944680327,36.7852142115,4.56315924183,4.3044565039,-0.0325782445032,-0.264076004268,-0.0135636810587,0.367891035492,0.0499013619456,0.0440961654561,0.301568599067,0.75,0.99,0.0109469812906,0.0296100732544
