,ftype,K,d,c1,c2,c3,c4,c5,e11,e12,e21,e22,e31,e32,e41,e42,e51,e52,a1,lb1,ub1,lb2,ub2,rms_err,max_err
0,SMA,5,2,3.29330977091e-15,122987.817035,6.0021122058e-08,5149.39269602,1.49834532827e-13,-8.11085438135,7.52255814271,10.1052833122,5.89600514427,-6.81862961276,1150.73267974,7.80280646821,37.0285380907,-7.26206980187,22.5330087992,6.11066542041,0.0440961654561,0.226015552419,0.75,0.99,0.048719340746,0.138552787204
