,ftype,K,d,c1,c2,c3,c4,c5,e11,e12,e21,e22,e31,e32,e41,e42,e51,e52,a1,lb1,ub1,lb2,ub2,rms_err,max_err
0,SMA,5,2,0.0578912954643,0.66978282412,0.00312511363305,0.0230936544316,6.85835808821,-0.220768738934,62.9434574792,0.462372685248,1.04624954581,-1.60650868791,0.847946417659,-0.662085307422,9.03832263379,3.06160681678,22.3060733584,1.2522261677,0.0440961654561,0.301568599067,0.75,0.99,0.0119281694413,0.0261458084094
