,ftype,K,d,c1,c2,c3,c4,c5,e11,e12,e21,e22,e31,e32,e41,e42,e51,e52,a1,lb1,ub1,lb2,ub2,rms_err,max_err
0,SMA,5,2,0.0397656344532,0.880366133017,5.70283682866,0.0499351998469,1.52135102302e-05,0.7133211298,24.5314013808,-0.00195709746168,0.104356523382,5.16671498278,1.20190304582,-0.244909517329,-0.44154335043,-1.99092157362,35.2599705603,0.0593255815622,0.0440961654561,0.301568599067,0.75,0.99,0.00797618894432,0.0163455804703
