,ftype,K,d,c1,c2,c3,c4,c5,e11,e12,e21,e22,e31,e32,e41,e42,e51,e52,a1,lb1,ub1,lb2,ub2,rms_err,max_err
0,SMA,5,2,88.7803570132,0.0274085106939,1.28092064087e-08,9.38375299929e-08,0.766010793181,5.13039936653,40.6809856752,0.322315043905,37.3410365364,-5.14393280821,7.57230022692,-4.74607984363,53.292695756,2.33086791898,5.77560245368,5.65310378058,0.0440961654561,0.301568599067,0.75,0.99,0.0121588579238,0.0341233293535
