ub0,ub1,rms_err,e31,e30,e11,e10,ftype,c4,lb1,lb0,K,a1,c3,c2,c1,c0,e21,e40,e41,e20,d,e00,e01,max_err
0.2610731573912069,0.98999999999999999,0.031182867918422376,1.5814238149265771,-0.37402220155965105,1.481512894190615,-1.4336364850558072,MA,0.67006590898726659,0.75,0.064773577481849989,5,1,0.089076082235224896,0.67235535516168299,0.0077739150455689672,0.0095647588952298031,6.8296537141341185,0.73405740933476693,1.8251705826395266,0.51664735285067287,2,-1.3741539842110537,3.2520519083560124,0.090251326772889717
