,ftype,K,d,c1,c2,c3,c4,c5,e11,e12,e21,e22,e31,e32,e41,e42,e51,e52,a1,lb1,ub1,lb2,ub2,rms_err,max_err
0,SMA,5,2,70041.5508513,1.77706337229e-15,6.70899567307e-14,3171.60788291,1.89171537357e-10,10.1320380248,6.58544161359,-8.08659471185,7.45586399055,-7.38327924176,23.5299184089,7.82318971568,43.4479750314,-7.02769528293,688.861096464,5.88941385078,0.0440961654561,0.22064851472,0.75,0.99,0.0476024945013,0.113850574686
