,ftype,K,d,c1,c2,c3,c4,c5,e11,e12,e21,e22,e31,e32,e41,e42,e51,e52,a1,lb1,ub1,lb2,ub2,rms_err,max_err
0,SMA,5,2,2.77654872529e-13,4965.32486999,7.27302317239e-15,3.58151927994e-05,120819.711579,-7.16075597398,22.7203042056,7.6216023069,35.1328236633,-8.00960240752,7.77483342436,-6.40167504968,1632.05014209,9.93936855232,5.59283479747,6.0868845322,0.0440961654561,0.226015552419,0.75,0.99,0.0475419990611,0.135006796579
