ub0,ub1,rms_err,e31,e30,e11,e10,ftype,c4,lb1,lb0,K,a1,c3,c2,c1,c0,e21,e40,e41,e20,d,e00,e01,max_err
0.2610731573912069,0.98999999999999999,0.039071902979736658,1.2646587981926005,-0.89896142168519155,4.3650081359797861,1.5775973617700505,MA,0.021522917779852983,0.75,0.064773577481849989,5,1,0.012042073367034202,4.697668122978115,5.1821043662444879,1.3044215114282629,1.2945258405917046,-0.75864821456017328,4.5321163239711648,1.6400835713268207,2,1.0753745708571976,2.0800728530975654,0.11572345099743808
