,ftype,K,d,c1,c2,c3,c4,c5,e11,e12,e21,e22,e31,e32,e41,e42,e51,e52,a1,lb1,ub1,lb2,ub2,rms_err,max_err
0,SMA,5,2,0.883182499795,0.0829722463125,27.608966142,0.0150054001378,0.0236740586,0.0504139372268,0.135425265329,-0.32206937166,-0.0994614958988,7.18530257803,5.6398780175,0.285319260074,33.3738224027,0.236347633295,-1.95936787112,0.0443462486857,0.0440961654561,0.301568599067,0.75,0.99,0.010423143405,0.0250429196438
