,ftype,K,d,c1,c2,c3,c4,e11,e12,e21,e22,e31,e32,e41,e42,a1,lb1,ub1,lb2,ub2,rms_err,max_err
0,SMA,4,2,2.76341224405,0.00405322257833,0.516917739154,0.438362447814,4.66085211992,5.8514474045,-0.0558581218231,34.0495093091,-0.0212981873045,-0.179003715516,-0.00478574870979,0.296414124537,0.0300734364493,0.0440961654561,0.301568599067,0.75,0.99,0.0116098684538,0.0278674584762
