,ftype,K,d,c1,c2,c3,c4,c5,e11,e12,e21,e22,e31,e32,e41,e42,e51,e52,a1,lb1,ub1,lb2,ub2,rms_err,max_err
0,SMA,5,2,4149.45975139,8516.89450275,1.36312590579e-15,45838.1877834,1.08006106791e-13,7.39856330186,260.752360401,8.94335797751,22.4222693261,-8.24990554601,10.5736749982,10.5068940818,5.15982846183,-7.41673019069,51.5407868417,6.05640667928,0.0440961654561,0.226015552419,0.75,0.99,0.0490194585841,0.127681784656
