,ftype,K,d,c1,c2,c3,c4,c5,e11,e12,e21,e22,e31,e32,e41,e42,e51,e52,a1,lb1,ub1,lb2,ub2,rms_err,max_err
0,SMA,5,2,12743.4989298,3.627637651e-13,2.27299582813e-16,181600.007292,32200.5718621,7.69339059451,236.75268723,-7.28507192608,57.3619273679,-9.17745095786,11.7199381096,10.8148216325,4.71280332744,9.11839549702,22.2322276392,7.19265628363,0.0440961654561,0.254873630576,0.75,0.99,0.0496534396958,0.141277945239
