,ftype,K,d,c1,c2,c3,c4,c5,e11,e12,e21,e22,e31,e32,e41,e42,e51,e52,a1,lb1,ub1,lb2,ub2,rms_err,max_err
0,SMA,5,2,5.53657887896e-05,0.917153995869,0.0221736098435,0.0398057284002,5.65608479149,-1.54684464355,30.368835502,0.00284858508217,0.0793208347908,-0.420809718405,-0.320067644805,0.670317657669,22.8446472586,5.25655770842,1.00662906904,0.0595977148965,0.0440961654561,0.301568599067,0.75,0.99,0.00848408460282,0.0171042174983
