,ftype,K,d,c1,c2,c3,c4,e11,e12,e21,e22,e31,e32,e41,e42,a1,lb1,ub1,lb2,ub2,rms_err,max_err
0,SMA,4,2,2.04872719001e-05,6.03980301158,0.486653471413,0.00206953529772,-3.12272377749,3.79983888258,2.67705541079,35.1737987892,1.00474601137,3.32714203956,-1.5634189901,33.7087747404,3.18040431889,0.0440961654561,0.301568599067,0.75,0.99,0.0126220982232,0.0298916416875
