ub0,ub1,rms_err,e31,e30,e11,e10,ftype,c4,lb1,lb0,K,a1,c3,c2,c1,c0,e21,e40,e41,e20,d,e00,e01,max_err
0.2610731573912069,0.98999999999999999,0.0064056629969551342,-0.68417053194796129,-2.8564041528208231,0.17056038489994693,-0.023547414796293891,SMA,0.0956702073614214,0.75,0.064773577481849989,5,0.0075850723191445285,4.0832377217417318e-07,0.60899303120081827,0.37994394328926018,0.0015415000535231589,-0.097373084379986388,2.5829856899554766,2.4833599317899768,0.014097586072042386,2,0.010536753430320213,31.091168423557416,0.01858757995063498
