,ftype,K,d,c1,c2,c3,c4,c5,e11,e12,e21,e22,e31,e32,e41,e42,e51,e52,a1,lb1,ub1,lb2,ub2,rms_err,max_err
0,SMA,5,2,0.00206319171395,0.829044468694,16.6059214501,0.0982319282911,0.0687027565218,-0.705374654093,22.4207605158,0.0396513693217,0.188759723131,5.73294267055,0.940136783958,0.903750942717,25.3626552593,-0.409540715803,-0.163174517157,0.1277865734,0.0440961654561,0.301568599067,0.75,0.99,0.00876745679432,0.017435908881
