,ftype,K,d,c1,c2,c3,c4,e11,e12,e21,e22,e31,e32,e41,e42,a1,lb1,ub1,lb2,ub2,rms_err,max_err
0,SMA,4,2,1286.17233349,6.67071088438e-10,1.82496192921e-13,1374.17155567,6.9331023877,7.42865985725,-5.63893616768,54.745112792,-7.95521225133,10.986672,6.28572663384,42.151254013,6.66445007107,0.0440961654561,0.301568599067,0.75,0.99,0.0323311916773,0.0847353302722
