,ftype,K,d,c1,c2,c3,c4,c5,e11,e12,e21,e22,e31,e32,e41,e42,e51,e52,a1,lb1,ub1,lb2,ub2,rms_err,max_err
0,SMA,5,2,90104.6287884,1.66755355925e-14,11001.1851725,5.64677114928e-06,8.21208503615e-17,10.0059495329,7.08862850579,-8.20741063637,29.4819923406,8.04788417302,41.4398463461,-6.55107991151,1477.78985358,-9.5282620927,10.0485321054,7.43267774709,0.0440961654561,0.273928269449,0.75,0.99,0.0471852602453,0.119861227275
