ub0,ub1,rms_err,e31,e30,e11,e10,ftype,c4,lb1,lb0,K,a1,c3,c2,c1,c0,e21,e40,e41,e20,d,e00,e01,max_err
0.2610731573912069,0.98999999999999999,0.0060731166339869471,37.551016922038158,-0.26190883535971243,0.013522656845553833,0.025455763536813818,SMA,1.1429464751750649,0.75,0.064773577481849989,5,0.041750511260692402,0.0041572469974349192,0.0044201786316223719,0.97900587194401334,5.4265870950962992e-05,2.7527408068321586,3.6493965878463746,5.2539510283143924,-0.74391385339182192,2,-1.9312563377878271,-1.562554437614128,0.018704089608854835
