,ftype,K,d,c1,c2,c3,c4,c5,e11,e12,e21,e22,e31,e32,e41,e42,e51,e52,a1,lb1,ub1,lb2,ub2,rms_err,max_err
0,SMA,5,2,0.406336831877,12.897048966,0.112501496436,0.471540805745,0.0105005975817,0.062855363647,-0.233929579788,6.88997238051,3.49047528116,-0.222132122244,-0.101781287201,0.0240734796605,0.318579890007,0.378551424654,34.1887241001,0.0271214529983,0.0440961654561,0.301568599067,0.75,0.99,0.00984169052216,0.0241678564114
