,ftype,K,d,c1,c2,c3,c4,c5,e11,e12,e21,e22,e31,e32,e41,e42,e51,e52,a1,lb1,ub1,lb2,ub2,rms_err,max_err
0,SMA,5,2,58.5295124482,0.590867320546,0.217969369487,0.000332933300635,0.150696013185,5.91091381703,1.88094750755,-0.152574832555,0.158890286817,1.26773480803,48.1655558269,-1.59047602078,34.1549403055,0.568641388325,7.2183316767,0.314221878272,0.0440961654561,0.301568599067,0.75,0.99,0.00772993567366,0.0152019031652
