,ftype,K,d,c1,c2,c3,c4,c5,e11,e12,e21,e22,e31,e32,e41,e42,e51,e52,a1,lb1,ub1,lb2,ub2,rms_err,max_err
0,SMA,5,2,170.319235929,9.02206341391e-11,16.3149944408,1.59172293324e-07,30.0002067562,4.99279178444,56.4115873486,-6.41514333053,8.94000839897,4.53970423191,3.99462682811,-4.23976696412,49.8254627061,4.38578673877,14.0702837019,5.83946507899,0.0440961654561,0.301568599067,0.75,0.99,0.0204606454757,0.0557190821374
