ub0,ub1,rms_err,e31,e30,e11,e10,ftype,c4,lb1,lb0,K,a1,c3,c2,c1,c0,e21,e40,e41,e20,d,e00,e01,max_err
0.2610731573912069,0.98999999999999999,0.021284853900400101,37.808791343682316,-0.79661638575747951,6.273292817732254,0.5751355223855148,MA,0.01782666034407893,0.75,0.064773577481849989,5,1,0.049398263881546764,0.86468333236138495,0.74355429099164816,0.1351257951228077,1.6435674847914417,-1.0183025202438512,1.2299084275167973,0.87786707354375926,2,-0.16104573429191754,1.6077946482077548,0.05077016731020656
