,ftype,K,d,c1,c2,c3,c4,c5,e11,e12,e21,e22,e31,e32,e41,e42,e51,e52,a1,lb1,ub1,lb2,ub2,rms_err,max_err
0,SMA,5,2,8.88990251393e-13,38198.3389023,36334.3620725,17732.483151,1.67504347646e-16,-7.29015506677,57.3146073478,9.78248241789,5.94279703324,7.28901575062,358.390635718,8.61211924105,23.6518001201,-9.54566586801,12.2793637169,7.62160325629,0.0440961654561,0.287416360812,0.75,0.99,0.0468061225157,0.126293435649
