,ftype,K,d,c1,c2,c3,c4,c5,e11,e12,e21,e22,e31,e32,e41,e42,e51,e52,a1,lb1,ub1,lb2,ub2,rms_err,max_err
0,SMA,5,2,4430.12674461,5.65186908886e-15,19897.6328503,3.16621988088e-11,3917.91326775,7.53243953767,22.856301678,-8.80999600928,11.9285801293,6.45898551937,387.066356216,-6.43233493957,56.3293081592,8.1382445335,6.24343365239,7.23764060011,0.0440961654561,0.301568599067,0.75,0.99,0.0377314501582,0.0943419340441
