,ftype,K,d,c1,c2,c3,c4,c5,e11,e12,e21,e22,e31,e32,e41,e42,e51,e52,a1,lb1,ub1,lb2,ub2,rms_err,max_err
0,SMA,5,2,4.77862799636,0.000198253384997,1.38447991215,0.00431429877943,0.515307443565,2.45635094348,29.7844687686,-2.43324793767,1.98982619742,-1.03637307071,606.479299153,-1.24140857775,13.7878510807,0.69951556872,2.1412495992,2.26626284319,0.0440961654561,0.301568599067,0.75,0.99,0.0122409475513,0.0265407625865
