,ftype,K,d,c1,c2,c3,c4,c5,e11,e12,e21,e22,e31,e32,e41,e42,e51,e52,a1,lb1,ub1,lb2,ub2,rms_err,max_err
0,SMA,5,2,1.24213297202e-11,351.947059292,2.87414996419e-08,115.950386229,41.6348582327,-6.9160793449,9.61022698703,5.42400758832,58.1067317752,-4.68375787688,51.2042073171,5.18673226563,13.6402386766,5.31955011402,3.6743557039,6.10254537014,0.0440961654561,0.301568599067,0.75,0.99,0.0236619766481,0.0661752510744
