,ftype,K,d,c1,c2,c3,c4,c5,e11,e12,e21,e22,e31,e32,e41,e42,e51,e52,a1,lb1,ub1,lb2,ub2,rms_err,max_err
0,SMA,5,2,74.9515259843,9.34554500114,6.3622623018e-10,5.47780746946,7.19662205003e-07,4.4883739888,56.6191655419,3.64735964231,13.3428835068,-5.91417709987,8.22563939308,3.79887961962,3.70425800181,-3.85735999801,48.6141757209,5.55605217358,0.0440961654561,0.301568599067,0.75,0.99,0.0177385335035,0.0447688906485
