,ftype,K,d,c1,c2,c3,c4,c5,e11,e12,e21,e22,e31,e32,e41,e42,e51,e52,a1,lb1,ub1,lb2,ub2,rms_err,max_err
0,SMA,5,2,0.0893662519577,0.856170728042,4.72075155792,1.92278987392e-05,0.032309246273,0.194659748138,1.00623059108,-0.0320882320754,-0.0107809607691,5.19995218729,1.10667295905,-1.86871076835,32.0546383558,0.814191669621,27.498708971,0.0469995930394,0.0440961654561,0.301568599067,0.75,0.99,0.00775480081417,0.0164443796593
