,ftype,K,d,c1,c2,c3,c4,c5,e11,e12,e21,e22,e31,e32,e41,e42,e51,e52,a1,lb1,ub1,lb2,ub2,rms_err,max_err
0,SMA,5,2,81283.889854,13791.1274016,3.31624014407e-15,11388.3106861,1.87715631713e-13,10.5103836875,4.44490110674,8.90200125181,20.9093767931,-8.12059235085,10.2206417378,7.34298884882,327.747030688,-7.33697453237,50.6960792148,6.10078226835,0.0440961654561,0.226015552419,0.75,0.99,0.0497364151903,0.13395650555
