ub0,ub1,rms_err,e31,e30,e11,e10,ftype,c4,lb1,lb0,K,a1,c3,c2,c1,c0,e21,e40,e41,e20,d,e00,e01,max_err
0.2610731573912069,0.98999999999999999,0.0076004540476063368,56.802522074710467,-0.37337997311825399,2.5584094111428519,-2.4939660160419592,SMA,0.87426392504258865,0.75,0.064773577481849989,5,0.053404588142112852,0.0022268320609329685,3.5750727094432122,8.0083611650788349e-06,0.03913151317009339,1.9020004031645432,-0.017682708359993794,0.058837377331520314,4.2600211136895307,2,0.60120881506217561,15.967131232097611,0.023871222691893568
