ub0,ub1,rms_err,e31,e30,e11,e10,ftype,c4,lb1,lb0,K,a1,c3,c2,c1,c0,e21,e40,e41,e20,d,e00,e01,max_err
0.2610731573912069,0.98999999999999999,0.014661029684275838,1.6237342642324424,-0.12467973448746941,1.6427229150847267,-1.4393487061929484,MA,0.12247365086302449,0.75,0.064773577481849989,5,1,0.18568228415007862,2.5028918132779974,0.0055804277570619589,2.0152508810732432,4.7660833589830451,-0.38822734136174758,5.2174710960135169,0.91534645397491965,2,0.92997091772612417,1.172928275815158,0.043515593686672904
