ub0,ub1,rms_err,e31,e30,e11,e10,ftype,c4,lb1,lb0,K,a1,c3,c2,c1,c0,e21,e40,e41,e20,d,e00,e01,max_err
0.2610731573912069,0.98999999999999999,0.025332105840869791,1.7407530373623246,-0.12243445274930215,1.7510214196362552,0.53456971315398483,MA,0.62834581368775289,0.75,0.064773577481849989,5,1,0.1553454006298273,0.022498122460707197,0.50307475410740088,0.010744544958542646,3.5106962583952828,0.47046705930211336,6.382326070441767,-1.0233930786421823,2,-1.2573593063065394,1.3112039249507164,0.060788927134603821
