,ftype,K,d,c1,c2,c3,c4,e11,e12,e21,e22,e31,e32,e41,e42,a1,lb1,ub1,lb2,ub2,rms_err,max_err
0,SMA,4,2,0.398183680706,0.00750024001708,0.552587182578,2.80824358257,-0.0232060643831,-0.254496011045,0.227717075806,35.1591254507,-0.00986210421897,0.256814353114,4.63657190305,4.76578004724,0.0336420291953,0.0440961654561,0.301568599067,0.75,0.99,0.0112399875072,0.0284969264913
