,ftype,K,d,c1,c2,c3,c4,c5,e11,e12,e21,e22,e31,e32,e41,e42,e51,e52,a1,lb1,ub1,lb2,ub2,rms_err,max_err
0,SMA,5,2,88.7810063056,9.38392231172e-08,0.766010931196,1.28092543016e-08,0.0274089645278,5.13040548629,40.6809915854,-4.74607401229,53.292672521,2.3308674945,5.77560070125,-5.14393177805,7.57229848367,0.322322468245,37.3410182642,5.65310242215,0.0440961654561,0.301568599067,0.75,0.99,0.0121588579397,0.0341233279189
