,ftype,K,d,c1,c2,c3,c4,c5,e11,e12,e21,e22,e31,e32,e41,e42,e51,e52,a1,lb1,ub1,lb2,ub2,rms_err,max_err
0,SMA,5,2,126442.621701,5.95446804159e-14,5235.99539552,1.07403952391e-12,5.42487857081e-16,10.1290351587,5.90587117335,-7.50120133073,16.0783768701,7.8172807398,37.1184554528,-6.92824582313,74.2170247708,-8.38132567254,4.92809768825,6.12444820497,0.0440961654561,0.226015552419,0.75,0.99,0.0487090574092,0.138277801214
