ub0,ub1,rms_err,e31,e30,e11,e10,ftype,c4,lb1,lb0,K,a1,c3,c2,c1,c0,e21,e40,e41,e20,d,e00,e01,max_err
0.2610731573912069,0.98999999999999999,0.0074498586923985189,7.0060135363719098,3.9429888725846838,3.647023921415752,-0.78303035254571551,SMA,7.5803260612588116e-05,0.75,0.064773577481849989,5,0.54383944149973484,14.90229820186824,0.87918637899805696,0.026174475463457383,0.053072844089438236,0.14416633038611298,-2.5299034511814447,-0.97748649806476973,0.3443432435130333,2,-0.13059029554890203,38.053386960478079,0.020943872985882739
