ub0,ub1,rms_err,e31,e30,e11,e10,ftype,c4,lb1,lb0,K,a1,c3,c2,c1,c0,e21,e40,e41,e20,d,e00,e01,max_err
0.2610731573912069,0.98999999999999999,0.013176283303820757,16.354858568696034,-0.99455826850541729,0.79973883463592821,-0.29271197252316766,SMA,20.171586705851247,0.75,0.064773577481849989,5,0.75880959952610727,0.010771009763961495,0.023583162160579044,0.13368250754256916,1.8344151966566253e-07,144.26201443897781,4.3754294663625188,2.746618107005014,-0.50785035456045291,2,-4.357240850312972,2.3508993121150796,0.040182401448876526
