ub0,ub1,rms_err,e31,e30,e11,e10,ftype,c4,lb1,lb0,K,a1,c3,c2,c1,c0,e21,e40,e41,e20,d,e00,e01,max_err
0.2610731573912069,0.98999999999999999,0.027064968152469678,1.6438973401301871,-0.040885406029886891,1.6544787655054376,-1.2568475890207191,MA,0.86801028230475019,0.75,0.064773577481849989,5,1,0.17519456470544101,0.30341704322895324,0.011217963098337018,0.56708709621003572,4.7035749053360876,0.67220777211504557,6.4387934797020199,0.12368646384047979,2,0.60584673541956258,1.7460023200654571,0.085246588469221285
