ub0,ub1,rms_err,e31,e30,e11,e10,ftype,c4,lb1,lb0,K,a1,c3,c2,c1,c0,e21,e40,e41,e20,d,e00,e01,max_err
0.2610731573912069,0.98999999999999999,0.028095725972137581,1.6842454626387084,0.87629539713537052,5.9555133006633225,0.86457476658253041,MA,0.0089288039784710012,0.75,0.064773577481849989,5,1,0.9285270089230041,0.52000381539124674,1.231846492112636,0.30123908810596028,4.9419258429467652,-1.3038801238492059,1.7392112346799202,0.41113489242374707,2,0.25333177768780363,1.6730521050271685,0.087187543794452926
