,ftype,K,d,c1,c2,c3,c4,c5,e11,e12,e21,e22,e31,e32,e41,e42,e51,e52,a1,lb1,ub1,lb2,ub2,rms_err,max_err
0,SMA,5,2,0.864160969695,0.00136800657817,0.0569290750902,11.8560048476,0.0736683866844,0.029472459937,0.141510523118,-0.737651543842,22.615939542,-0.396344861285,-0.189869866787,5.66076498586,0.888541028824,0.873687823087,25.0125461416,0.0961534376184,0.0440961654561,0.301568599067,0.75,0.99,0.00876619578448,0.0175306194751
