,ftype,K,d,c1,c2,c3,c4,c5,e11,e12,e21,e22,e31,e32,e41,e42,e51,e52,a1,lb1,ub1,lb2,ub2,rms_err,max_err
0,SMA,5,2,1.92021665216e-05,0.0892495540332,4.71454986351,0.0322668444917,0.856359264888,-1.86870600944,32.0544613344,0.194709281029,1.00628974472,5.19994326496,1.10654994171,0.814192718614,27.4988167198,-0.0320440037363,-0.0107621286466,0.0469364772478,0.0440961654561,0.301568599067,0.75,0.99,0.00775479392076,0.0164442550633
