,ftype,K,d,c1,c2,c3,c4,c5,e11,e12,e21,e22,e31,e32,e41,e42,e51,e52,a1,lb1,ub1,lb2,ub2,rms_err,max_err
0,SMA,5,2,45732.5227146,129743.226727,1.08699086932e-13,1.37315199255e-15,8499.91600162,10.5046046345,5.15881711497,7.39671301103,603.511481573,-7.41512119458,51.5343666558,-8.24814711729,10.5713845084,8.9413868913,22.4221179108,6.05508695112,0.0440961654561,0.226015552419,0.75,0.99,0.0490194620094,0.127687017846
