ub0,ub1,rms_err,e31,e30,e11,e10,ftype,c4,lb1,lb0,K,a1,c3,c2,c1,c0,e21,e40,e41,e20,d,e00,e01,max_err
0.2610731573912069,0.98999999999999999,0.0087136179203963545,46.4288644317364,0.17330971353886518,7.7552974114454685,0.4511196912438678,SMA,12.655056663809985,0.75,0.064773577481849989,5,0.10401857308493487,0.024773285447395842,0.36719485946212127,0.06048246117592386,0.39807167521767745,0.30356948503376141,4.9036548406033793,1.2962964590763872,-0.10250748438867079,2,-0.014407558405951591,-0.15366342712035083,0.02203939417151779
