,ftype,K,d,c1,c2,c3,c4,c5,e11,e12,e21,e22,e31,e32,e41,e42,e51,e52,a1,lb1,ub1,lb2,ub2,rms_err,max_err
0,SMA,5,2,0.0498547452772,0.880606465578,1.51753046856e-05,0.0396750778412,5.689425763,-0.24481675897,-0.441602477659,-0.00194934587601,0.104115779824,-1.99095530376,35.2604646942,0.713332399943,24.5309740243,5.1666515903,1.20169101069,0.0591842323966,0.0440961654561,0.301568599067,0.75,0.99,0.00797617035841,0.0163451685176
