ub0,ub1,rms_err,e31,e30,e11,e10,ftype,c4,lb1,lb0,K,a1,c3,c2,c1,c0,e21,e40,e41,e20,d,e00,e01,max_err
0.2610731573912069,0.98999999999999999,0.0072253477506569411,0.035915145153744797,0.010729439754843386,63.198647728364989,0.14587424969283541,SMA,0.073587386165495594,0.75,0.064773577481849989,5,0.030443883285915126,0.87972589081716823,2.8352479052566646,0.0065366822803257637,0.0086819035840508263,2.2628003700317287,-0.18672406470000169,-0.10940900356304012,4.5684726454362572,2,0.23564401266856952,8.6751206353626689,0.020457810980218816
