,ftype,K,d,c1,c2,c3,c4,c5,e11,e12,e21,e22,e31,e32,e41,e42,e51,e52,a1,lb1,ub1,lb2,ub2,rms_err,max_err
0,SMA,5,2,77.6747131776,0.505321111936,0.0384750049519,0.0984791327682,0.368260685479,7.258973675,5.88355449792,0.153512461116,-0.310236861951,0.303603717329,34.5802480267,-0.416469152593,-0.0450532786533,0.0578622046783,0.904246530769,0.117545874869,0.0440961654561,0.301568599067,0.75,0.99,0.0104581015071,0.0254059320081
