,ftype,K,d,c1,c2,c3,c4,c5,e11,e12,e21,e22,e31,e32,e41,e42,e51,e52,a1,lb1,ub1,lb2,ub2,rms_err,max_err
0,SMA,5,2,0.022191396997,5.54453933179e-05,0.917066420132,0.0398517630936,5.66277695346,-0.420867455547,-0.320035633757,-1.5467765405,30.3677760481,0.00285009356844,0.0794136328594,0.67033182786,22.8449636856,5.2565987167,1.00672429961,0.0596684783187,0.0440961654561,0.301568599067,0.75,0.99,0.00848409756882,0.0171042829922
