,ftype,K,d,c1,c2,c3,c4,c5,e11,e12,e21,e22,e31,e32,e41,e42,e51,e52,a1,lb1,ub1,lb2,ub2,rms_err,max_err
0,SMA,5,2,0.97315793838,0.0116921997627,0.00986779264846,1.29616498617e-05,2.13394981349,-0.00771060492023,0.00660954097283,0.595705824228,4.80574803333,0.977659553731,37.3367667038,-1.6479761125,32.4661286744,5.47948695377,1.07206627828,0.015382131344,0.0440961654561,0.301568599067,0.75,0.99,0.00761547860829,0.0161400601665
