,ftype,K,d,c1,c2,c3,c4,e11,e12,e21,e22,e31,e32,e41,e42,a1,lb1,ub1,lb2,ub2,rms_err,max_err
0,SMA,4,2,0.0055338832847,0.575015114316,0.37814276254,2.88865389734,0.0845823262629,33.1160080078,-0.00888987214785,0.231347412037,-0.0231389980139,-0.251949480823,4.68217150897,5.34639323932,0.0316764872911,0.0440961654561,0.301568599067,0.75,0.99,0.0114006795859,0.0275728523764
