,ftype,K,d,c1,c2,c3,c4,c5,e11,e12,e21,e22,e31,e32,e41,e42,e51,e52,a1,lb1,ub1,lb2,ub2,rms_err,max_err
0,SMA,5,2,3.05175616907e-17,4.97786268279e-15,1.75111138007e-05,14997.2434969,165921.159981,-9.66353876761,9.80240712007,-8.42612098856,27.4441271202,-6.80074656163,1705.06839437,8.38428386607,40.6238671219,10.5036473601,6.8613374514,7.47704272476,0.0440961654561,0.267423481025,0.75,0.99,0.0498097259183,0.125191025096
