,ftype,K,d,c1,c2,c3,c4,c5,e11,e12,e21,e22,e31,e32,e41,e42,e51,e52,a1,lb1,ub1,lb2,ub2,rms_err,max_err
0,SMA,5,2,9858.50500122,6.5570987924e-16,8185.32223435,11752.6298206,4.35153480856e-12,6.85155798747,277.369803357,-9.30055016385,12.2372579612,8.04116873579,23.6804793015,8.93670093498,6.31570167508,-6.92056573521,56.9270272559,7.477842325,0.0440961654561,0.301568599067,0.75,0.99,0.0444307090549,0.114838841672
