,ftype,K,d,c1,c2,c3,c4,c5,e11,e12,e21,e22,e31,e32,e41,e42,e51,e52,a1,lb1,ub1,lb2,ub2,rms_err,max_err
0,SMA,5,2,11.1980415576,555.204303605,2.28674477939e-07,0.477862994046,0.000179340332851,3.23441874136,42.2311111095,7.83214970657,9.15026519078,-4.35668023382,4.97743845024,1.59175061677,4.52308706842,-2.24299860873,30.3831629094,4.21864699111,0.0440961654561,0.301568599067,0.75,0.99,0.0135778692429,0.031845491927
