,ftype,K,d,c1,c2,c3,c4,c5,e11,e12,e21,e22,e31,e32,e41,e42,e51,e52,a1,lb1,ub1,lb2,ub2,rms_err,max_err
0,SMA,5,2,5.08712253727e-06,6.01904525937e-13,47514.572595,3283.4021286,1.21713747742e-15,-6.61885057742,1430.508991,-7.21687250092,18.3554526029,9.04665323422,5.11131948838,7.07431843318,36.5001260718,-8.92162554433,5.52849234795,5.61658918029,0.0440961654561,0.231513137534,0.75,0.99,0.0494923328623,0.142041538806
