,ftype,K,d,c1,c2,c3,c4,c5,e11,e12,e21,e22,e31,e32,e41,e42,e51,e52,a1,lb1,ub1,lb2,ub2,rms_err,max_err
0,SMA,5,2,12197.818729,2.99887846499e-13,1.61381784001e-16,33363.0496235,14707.3900661,8.35571467897,22.3340555359,-7.59571368003,48.719294898,-9.64821607924,9.84989303355,9.57866413957,4.90491720061,7.31795162743,261.466537552,6.785831033,0.0440961654561,0.267423481025,0.75,0.99,0.0474793282528,0.11185166883
