,ftype,K,d,c1,c2,c3,c4,c5,e11,e12,e21,e22,e31,e32,e41,e42,e51,e52,a1,lb1,ub1,lb2,ub2,rms_err,max_err
0,SMA,5,2,145.530725111,1.06953602944e-12,6.34824964646e-09,249.805125725,36.1654111408,5.41914495827,13.8563031933,-7.6099491444,8.54032810723,-5.06700246013,44.9914007894,5.3520088889,60.1382133395,5.50718081095,3.56597892168,6.10471682726,0.0440961654561,0.301568599067,0.75,0.99,0.0263723092381,0.0676860742061
