,ftype,K,d,c1,c2,c3,c4,c5,e11,e12,e21,e22,e31,e32,e41,e42,e51,e52,a1,lb1,ub1,lb2,ub2,rms_err,max_err
0,SMA,5,2,6.27480751041e-13,44014.8656322,4.30853608962e-16,17918.8358805,11916.1704819,-7.32439907048,46.8913698189,9.62458255522,4.2586450145,-9.337519561,9.20656435669,7.15029753475,306.468757758,8.27333459188,21.0169160878,6.38653098293,0.0440961654561,0.254873630576,0.75,0.99,0.0487033929304,0.128430727607
