ub0,ub1,rms_err,e31,e30,e11,e10,ftype,c4,lb1,lb0,K,a1,c3,c2,c1,c0,e21,e40,e41,e20,d,e00,e01,max_err
0.2610731573912069,0.98999999999999999,0.010109969571567833,45.609360839243855,1.0634432525929733,4.0237426286037534,6.2316224179592776,SMA,0.16185588677887197,0.75,0.064773577481849989,5,0.76038437026628924,0.43784852441758398,0.050245478475299712,240.9779434374851,6.6541781427141329e-06,9.694473202412599,-0.45604879020937572,0.60877305332611753,-0.18946840897439796,2,-3.4158537014487935,32.508239624183965,0.025465700312496731
