ub0,ub1,rms_err,e31,e30,e11,e10,ftype,c4,lb1,lb0,K,a1,c3,c2,c1,c0,e21,e40,e41,e20,d,e00,e01,max_err
0.2610731573912069,0.98999999999999999,0.010366583168604086,4.2285279991597324,-0.43428456295651902,32.162997844767432,-3.1717024909568994,SMA,0.38374912647379628,0.75,0.064773577481849989,5,0.75008203219771408,0.06025083043392309,0.12772688150843586,1.4131355105117121e-05,206.96683567541334,0.23722856010103946,0.88247745947721667,38.691020487609144,-0.44934761259509415,2,6.1158365141228286,3.8288555540228573,0.027291503787319371
