,ftype,K,d,c1,c2,c3,c4,c5,e11,e12,e21,e22,e31,e32,e41,e42,e51,e52,a1,lb1,ub1,lb2,ub2,rms_err,max_err
0,SMA,5,2,18413.1997605,9658.50251081,2.5505025989e-13,1.1051059991e-16,10493.8426293,9.29690348266,5.51259371133,8.24934170008,23.4672158093,-7.7152842239,49.6474446302,-9.8080517411,10.2649817349,7.30796345383,226.933862467,7.06631919811,0.0440961654561,0.280591279851,0.75,0.99,0.0474961604528,0.11598355162
