,ftype,K,d,c1,c2,c3,c4,c5,e11,e12,e21,e22,e31,e32,e41,e42,e51,e52,a1,lb1,ub1,lb2,ub2,rms_err,max_err
0,SMA,5,2,2.61208250931,0.161983381299,0.00274833434748,0.120945330991,0.796571811597,4.80118111523,0.836213047178,0.20659723562,0.259689606801,-0.283062582324,28.5449738171,2.24242743518,20.9104356069,-0.0409713706827,0.00442513599184,0.0381050303299,0.0440961654561,0.301568599067,0.75,0.99,0.00836398171169,0.0172445408782
