,ftype,K,d,c1,c2,c3,c4,c5,e11,e12,e21,e22,e31,e32,e41,e42,e51,e52,a1,lb1,ub1,lb2,ub2,rms_err,max_err
0,SMA,5,2,0.155585367444,0.319963883797,11.4017945435,0.462945231251,0.0252527934729,0.484563979758,-0.847878205277,-0.176768830292,-0.191411302652,5.16291506028,3.0634436687,0.0564590307648,0.66479649822,0.200393160018,38.4065323871,0.104927602918,0.0440961654561,0.301568599067,0.75,0.99,0.00900172868489,0.0167489144941
