,ftype,K,d,c1,c2,c3,c4,e11,e12,e21,e22,e31,e32,e41,e42,a1,lb1,ub1,lb2,ub2,rms_err,max_err
0,SMA,4,2,0.0258037494901,35.7591237383,0.771977661212,0.000501493050722,-0.677971341867,25.7588174237,4.0847620001,27.5070793691,0.881433979865,1.92344812267,-2.18133633862,2.2121531464,1.9586308345,0.0440961654561,0.301568599067,0.75,0.99,0.014473799816,0.0339595619147
