,ftype,K,d,c1,c2,c3,c4,c5,e11,e12,e21,e22,e31,e32,e41,e42,e51,e52,a1,lb1,ub1,lb2,ub2,rms_err,max_err
0,SMA,5,2,0.0907613037576,0.0438946935329,0.901418516309,2.5700385972,0.000845514161638,1.71359968707,24.6965543078,0.494270549672,1.30179798852,-0.0263501777745,0.0187972451347,4.52818787479,0.985391243961,-0.730927183842,29.9758297553,0.0451471204618,0.0440961654561,0.301568599067,0.75,0.99,0.00812800263704,0.016465257123
