,ftype,K,d,c1,c2,c3,c4,c5,e11,e12,e21,e22,e31,e32,e41,e42,e51,e52,a1,lb1,ub1,lb2,ub2,rms_err,max_err
0,SMA,5,2,2.24286866108e-14,6520.68488112,1.21547694545e-11,45288.5943257,15316.9864939,-8.20913736533,7.81146147628,7.65175202204,17.8695775852,-6.41782248049,43.4473347889,9.22093804359,3.09635100712,6.55948347089,366.397864564,5.34094432103,0.0440961654561,0.22064851472,0.75,0.99,0.047736516974,0.108361348875
