,ftype,K,d,c1,c2,c3,c4,e11,e12,e21,e22,e31,e32,e41,e42,a1,lb1,ub1,lb2,ub2,rms_err,max_err
0,SMA,4,2,1086.09359923,999.318449307,7.41616585291e-11,1.47927207488e-14,6.29217874327,42.8738653604,6.97616732162,7.48153916819,-6.27996802785,46.9035808587,-8.68673060085,9.41134517057,6.60968594972,0.0440961654561,0.301568599067,0.75,0.99,0.0365825232002,0.0917571111653
