,ftype,K,d,c1,c2,c3,c4,c5,e11,e12,e21,e22,e31,e32,e41,e42,e51,e52,a1,lb1,ub1,lb2,ub2,rms_err,max_err
0,SMA,5,2,1.18700255188e-15,4.96869727773e-12,2305.75912502,2191.53728165,4236.7406301,-9.31101541287,9.97896955882,-7.00738832758,48.4475037058,7.25359695271,23.1855097095,7.90255023395,5.93071778475,6.53111221952,233.28453913,6.94102652214,0.0440961654561,0.301568599067,0.75,0.99,0.0426102694765,0.103871925988
