ub0,ub1,rms_err,e31,e30,e11,e10,ftype,c4,lb1,lb0,K,a1,c3,c2,c1,c0,e21,e40,e41,e20,d,e00,e01,max_err
0.2610731573912069,0.98999999999999999,0.0070784931766615673,48.091204975660219,-2.6704012896061884,29.054043172493831,0.87071728503094925,SMA,0.61989508714627661,0.75,0.064773577481849989,5,0.085505007087697121,5.1894366752218023e-06,0.25980620276486782,0.056745754291005521,13.857668940741474,0.70853732038718054,-0.06084370874323914,-0.11764562939472338,0.042382160550822418,2,5.1643163990038525,1.6983555965043418,0.016382153365104624
