,ftype,K,d,c1,c2,c3,c4,c5,e11,e12,e21,e22,e31,e32,e41,e42,e51,e52,a1,lb1,ub1,lb2,ub2,rms_err,max_err
0,SMA,5,2,0.00859465673066,86.9496446281,8.56682684198e-07,6.527403227e-08,1.02447827312,-0.308201775906,28.8826064763,4.7921532566,36.9813333127,-3.94014413779,40.6255709226,-4.68734190111,5.89125902284,2.21545361024,4.80250264587,4.61684032909,0.0440961654561,0.301568599067,0.75,0.99,0.0142084363648,0.036946261853
