,ftype,K,d,c1,c2,c3,c4,c5,e11,e12,e21,e22,e31,e32,e41,e42,e51,e52,a1,lb1,ub1,lb2,ub2,rms_err,max_err
0,SMA,5,2,1.84555029947,1.30764983525e-05,6.65853520567e-09,1.58420573535,43.5394979973,2.68822128039,9.68342588263,-2.96652992697,37.4420307191,-5.31546909783,6.29693577061,2.92191897092,3.31519965215,4.12691081547,41.1769482207,4.74010074928,0.0440961654561,0.301568599067,0.75,0.99,0.0158538151596,0.041864346081
