,ftype,K,d,c1,c2,c3,c4,c5,e11,e12,e21,e22,e31,e32,e41,e42,e51,e52,a1,lb1,ub1,lb2,ub2,rms_err,max_err
0,SMA,5,2,4.70978153321e-08,87.6434888147,28.5508905836,2095.94709922,8.44502477942e-12,-4.517051261,42.1195359294,4.90493996314,23.1124383927,4.73571050934,5.67879095879,4.8612711116,399.813855346,-7.07781288396,7.99426879322,5.82441286325,0.0440961654561,0.301568599067,0.75,0.99,0.0225974823919,0.0560798186122
