,ftype,K,d,c1,c2,c3,c4,c5,e11,e12,e21,e22,e31,e32,e41,e42,e51,e52,a1,lb1,ub1,lb2,ub2,rms_err,max_err
0,SMA,5,2,0.00103019073167,0.139295227529,0.750959251092,0.0125754483742,45.0468304589,-1.82222577505,-0.0300937637199,0.17083227081,43.9179112019,0.644588434653,0.990595976092,-1.04896204708,6.23714160139,4.57533834658,15.3981040558,1.32736420825,0.0440961654561,0.301568599067,0.75,0.99,0.0133623049143,0.0328472342548
