,ftype,K,d,c1,c2,c3,c4,c5,e11,e12,e21,e22,e31,e32,e41,e42,e51,e52,a1,lb1,ub1,lb2,ub2,rms_err,max_err
0,SMA,5,2,3.09694158409e-14,5.67242848027e-12,70158.3566065,3022.64137701,6009.19892884,-7.97985215734,7.63617102006,-6.57412225416,40.7085481835,9.5076061665,3.07416068631,6.52836145387,236.973062619,7.71816061367,18.3064482577,5.10686837681,0.0440961654561,0.210293755105,0.75,0.99,0.0488773145141,0.142507375563
