,ftype,K,d,c1,c2,c3,c4,c5,e11,e12,e21,e22,e31,e32,e41,e42,e51,e52,a1,lb1,ub1,lb2,ub2,rms_err,max_err
0,SMA,5,2,3.80162407107,0.109668591966,0.130960717743,0.82200990182,0.00175869684628,4.68890656487,1.01834351587,0.31066992759,0.550049889286,1.81897711557,23.3510176078,-0.0440331289501,0.0173585817681,-0.575482167164,29.5597720646,0.0588711230794,0.0440961654561,0.301568599067,0.75,0.99,0.0082382680837,0.0166787773784
