,ftype,K,d,c1,c2,c3,c4,c5,e11,e12,e21,e22,e31,e32,e41,e42,e51,e52,a1,lb1,ub1,lb2,ub2,rms_err,max_err
0,SMA,5,2,0.000276911445864,0.650422386842,0.263076144978,2.54042327716,0.076867358293,-1.15521592944,35.7821926957,-0.0434536628672,-0.122411748888,0.0287695413297,0.5998140602,4.13976321324,1.55751887905,1.43698765893,29.5022058391,0.0575798152673,0.0440961654561,0.301568599067,0.75,0.99,0.00796235770444,0.0175166020314
