,ftype,K,d,c1,c2,c3,c4,c5,e11,e12,e21,e22,e31,e32,e41,e42,e51,e52,a1,lb1,ub1,lb2,ub2,rms_err,max_err
0,SMA,5,2,0.289421549298,0.507478130083,0.159563810497,16.3403018776,0.0239240500675,-0.200291600623,-0.201104682192,0.0707673702961,0.659639086547,0.544701198325,-1.02164022632,5.5317063308,3.52009911886,0.150972932731,38.1693533948,0.107736130868,0.0440961654561,0.301568599067,0.75,0.99,0.00925065410751,0.0182726902854
