ub0,ub1,rms_err,e31,e30,e11,e10,ftype,c4,lb1,lb0,K,a1,c3,c2,c1,c0,e21,e40,e41,e20,d,e00,e01,max_err
0.2610731573912069,0.98999999999999999,0.022622920999191359,1.7223918607239113,0.019816811496748275,1.2442656072963652,-1.0187661563406278,MA,0.034719264723762529,0.75,0.064773577481849989,5,1,0.2223262195423987,0.87539446708035984,0.018924776059585698,0.87772292516657524,1.7674364837671548,-0.84279912893497966,3.5740406034183994,0.78058408403016333,2,0.57965545821161468,6.3318515930222752,0.053151453949164651
