ub0,ub1,rms_err,e31,e30,e11,e10,ftype,c4,lb1,lb0,K,a1,c3,c2,c1,c0,e21,e40,e41,e20,d,e00,e01,max_err
0.2610731573912069,0.98999999999999999,0.010903553455601164,23.826695307095765,-1.6764636133744601,-0.97628103391971155,-0.21111640715348817,SMA,101.54038145127124,0.75,0.064773577481849989,5,0.46706990805538284,0.00091915614633180146,0.3768525737381388,0.1016880689254791,0.2267585048184084,36.167688662722334,5.6152913635382253,2.8423247056193945,1.0946736955303145,2,-0.31505618796261037,1.6334343395565594,0.030399546352152029
