,ftype,K,d,c1,c2,c3,c4,c5,e11,e12,e21,e22,e31,e32,e41,e42,e51,e52,a1,lb1,ub1,lb2,ub2,rms_err,max_err
0,SMA,5,2,0.672469812492,0.11638038267,20.5184220709,0.195616235119,0.0223118918025,0.0190376195528,0.425798769158,-0.303426066371,-0.390065015515,5.9982612665,4.76183187841,0.458958159961,-0.854063604371,0.187556441918,36.3722423015,0.0859589685143,0.0440961654561,0.301568599067,0.75,0.99,0.010199353751,0.0217418941554
