,ftype,K,d,c1,c2,c3,c4,c5,e11,e12,e21,e22,e31,e32,e41,e42,e51,e52,a1,lb1,ub1,lb2,ub2,rms_err,max_err
0,SMA,5,2,0.836779992496,0.137448164877,40.3568966764,0.054191674238,0.00332668051517,0.478285841413,0.334769134585,0.22171422677,34.6169373221,4.92872430351,11.1655900388,-0.681323258533,2.55510277814,-1.31752248954,-1.08352756854,0.684093916469,0.0440961654561,0.301568599067,0.75,0.99,0.0126459755483,0.0301574358051
