ub0,ub1,rms_err,e31,e30,e11,e10,ftype,c4,lb1,lb0,K,a1,c3,c2,c1,c0,e21,e40,e41,e20,d,e00,e01,max_err
0.2610731573912069,0.98999999999999999,0.0086702569287352756,41.519723683789557,-0.58923486879025344,11.566324133607267,1.6784266708206104,SMA,0.40303716025175557,0.75,0.064773577481849989,5,0.10610048357500913,0.004408145927042713,302.04199128813502,0.26730021086118316,0.4085926279193875,1.8395640138370575,-0.02150200941697367,0.54275095648083616,7.6902906156907056,2,-0.083877461423872396,-0.2476234473568491,0.022929553198810293
