,ftype,K,d,c1,c2,c3,c4,c5,e11,e12,e21,e22,e31,e32,e41,e42,e51,e52,a1,lb1,ub1,lb2,ub2,rms_err,max_err
0,SMA,5,2,3.76971864593e-13,9.53451376672e-17,6707.99253103,5257.24242067,14916.9227202,-7.67084548989,50.021216287,-9.92601439245,10.5457406438,8.75763007812,6.04305347375,7.91802767111,24.1221781854,7.0851837882,295.359586638,7.25930793468,0.0440961654561,0.301568599067,0.75,0.99,0.0492564579047,0.125046552504
