,ftype,K,d,c1,c2,c3,c4,c5,e11,e12,e21,e22,e31,e32,e41,e42,e51,e52,a1,lb1,ub1,lb2,ub2,rms_err,max_err
0,SMA,5,2,3.03625860747e-15,6.62624318552e-13,59564.3083588,7.16225753165e-12,2499.8782998,-8.50697682071,4.67028550109,-7.11768221933,15.8213316052,9.13158341417,4.62177454569,-6.53509416334,78.6073576488,6.9837091112,34.1581771682,5.20541598234,0.0440961654561,0.215408924417,0.75,0.99,0.0483226123345,0.129677555394
