,ftype,K,d,c1,c2,c3,c4,c5,e11,e12,e21,e22,e31,e32,e41,e42,e51,e52,a1,lb1,ub1,lb2,ub2,rms_err,max_err
0,SMA,5,2,5.94453352656e-07,650.734893248,0.000317856837808,0.288355590138,9.63048907094,-4.09192132546,4.63084883207,7.9322512313,8.02299811018,-2.09252861819,29.4910502199,1.26264099872,4.29301614751,3.13732401099,41.9977283679,4.08962990989,0.0440961654561,0.301568599067,0.75,0.99,0.0130572367474,0.0305678619386
