,ftype,K,d,c1,c2,c3,c4,c5,e11,e12,e21,e22,e31,e32,e41,e42,e51,e52,a1,lb1,ub1,lb2,ub2,rms_err,max_err
0,SMA,5,2,134682.82227,2.39929052376e-13,1658.5080669,5.41279763014e-14,1.70641313635e-10,9.82626010588,4.95914283052,-7.32476434175,23.4305343853,7.08963755343,35.5068546733,-7.46379932312,6.78027835948,-6.37879578415,406.070353103,4.90875529383,0.0440961654561,0.195665576827,0.75,0.99,0.0481759597453,0.153358556695
