,ftype,K,d,c1,c2,c3,c4,c5,e11,e12,e21,e22,e31,e32,e41,e42,e51,e52,a1,lb1,ub1,lb2,ub2,rms_err,max_err
0,SMA,5,2,27.6630455556,0.282246921671,0.091197915986,0.0315716938906,0.61470027941,5.98930386747,6.17756077894,0.435521793302,-0.779820113604,-0.402487287216,-0.345666787834,0.188437563179,34.566675883,0.0194601141238,0.565684332863,0.12076018731,0.0440961654561,0.301568599067,0.75,0.99,0.0109045685662,0.0242283566087
