,ftype,K,d,c1,c2,c3,c4,c5,e11,e12,e21,e22,e31,e32,e41,e42,e51,e52,a1,lb1,ub1,lb2,ub2,rms_err,max_err
0,SMA,5,2,2.56194589349e-06,52.9993575289,7.19585544466,0.00619270517003,7.35086184376e-10,-3.40854769415,38.9176713687,4.23428996449,42.2858451286,3.40278685703,6.78850809644,3.64235344761,-12.8845789062,-5.90690509098,6.92110715457,5.12828461642,0.0440961654561,0.301568599067,0.75,0.99,0.0172997835766,0.0467070986385
