,ftype,K,d,c1,c2,c3,c4,c5,e11,e12,e21,e22,e31,e32,e41,e42,e51,e52,a1,lb1,ub1,lb2,ub2,rms_err,max_err
0,SMA,5,2,9.44013241552e-13,172342.548046,1.24728032533e-48,3.86524119911e-14,2675.36209716,-7.02479892279,53.4003550711,10.2548001422,5.56747718785,41.3283011481,22.1314723281,-7.54594861815,9.3148248759,7.57207490876,39.3150983729,5.1455339462,0.0440961654561,0.195665576827,0.75,0.99,0.047415320121,0.147186807737
