,ftype,K,d,c1,c2,c3,c4,c5,e11,e12,e21,e22,e31,e32,e41,e42,e51,e52,a1,lb1,ub1,lb2,ub2,rms_err,max_err
0,SMA,5,2,3.85998923529e-07,88.2721220187,17.4891402861,7.95931626653e-11,0.0282795887219,-3.93291077973,40.5440471861,4.58901884827,43.7081793324,4.03573075158,7.54962016058,-6.49429300302,7.45919938569,4.21840615923,-10.6353064664,5.48485723594,0.0440961654561,0.301568599067,0.75,0.99,0.01955412836,0.051918728284
