,ftype,K,d,c1,c2,c3,c4,c5,e11,e12,e21,e22,e31,e32,e41,e42,e51,e52,a1,lb1,ub1,lb2,ub2,rms_err,max_err
0,SMA,5,2,7.88256993066e-13,7.70093530779e-14,1498.35931262,112358.380108,5.30205141831e-07,-7.0243852848,21.50832579,-7.47869411479,6.16322709208,6.86285382977,33.7456867181,9.5254064409,4.62405658753,-6.15325258574,1119.81677482,4.79984993965,0.0440961654561,0.195665576827,0.75,0.99,0.0477360279813,0.152559336656
