,ftype,K,d,c1,c2,c3,c4,c5,e11,e12,e21,e22,e31,e32,e41,e42,e51,e52,a1,lb1,ub1,lb2,ub2,rms_err,max_err
0,SMA,5,2,0.485840979611,0.473955243629,0.0322864559961,0.0401478913278,17.2352625048,0.345883213395,-0.419702577465,-0.0747781175487,0.655800340943,-0.587929633805,-0.623033564533,0.235066025075,33.1670126378,5.44770507807,7.78481277443,0.139077898011,0.0440961654561,0.301568599067,0.75,0.99,0.0117414365662,0.0268639589664
