ub0,ub1,rms_err,e31,e30,e11,e10,ftype,c4,lb1,lb0,K,a1,c3,c2,c1,c0,e21,e40,e41,e20,d,e00,e01,max_err
0.2610731573912069,0.98999999999999999,0.014495752985330948,2.2899168683580604,4.9852732559865176,-2.432751974114753,-3.6059019908203243,SMA,0.0075411488822113648,0.75,0.064773577481849989,5,0.62132402326437308,47.188546714155486,0.20791867230342329,8.7747032291858064e-07,0.050133464244114759,1.6508826176565288,0.30820358166936224,-6.7059256139204395,-0.29937218908960311,2,-0.70702688439444605,39.116404521403034,0.060943298285457193
