,ftype,K,d,c1,c2,c3,c4,c5,e11,e12,e21,e22,e31,e32,e41,e42,e51,e52,a1,lb1,ub1,lb2,ub2,rms_err,max_err
0,SMA,5,2,394.82703928,177.260363716,1.09415078281e-13,6.71158307868e-10,437.958770779,6.06184672707,17.7288284061,6.28810430099,4.95771136582,-8.18934131636,8.97690419138,-5.67587958782,45.7519508404,5.74735224787,76.6259822441,6.38945438257,0.0440961654561,0.301568599067,0.75,0.99,0.0309491924674,0.0800768868828
