,ftype,K,d,c1,c2,c3,c4,c5,e11,e12,e21,e22,e31,e32,e41,e42,e51,e52,a1,lb1,ub1,lb2,ub2,rms_err,max_err
0,SMA,5,2,98.5544922492,1.75415489629,0.00758562943241,6.07473465467e-09,2.78939334905e-07,4.88261048137,38.3823612359,2.72962068871,5.43299253802,-0.103243170283,30.1953823939,-5.33869480102,6.70244750562,-4.25669027599,41.7247911025,5.10925300201,0.0440961654561,0.301568599067,0.75,0.99,0.0145299755764,0.0413041848336
