ub0,ub1,rms_err,e31,e30,e11,e10,ftype,c4,lb1,lb0,K,a1,c3,c2,c1,c0,e21,e40,e41,e20,d,e00,e01,max_err
0.2548736305761713,0.98999999999999999,0.048508155572050127,1.656582751681599,-1.8472491698640998,5.7793017943598777,-0.44268987301253793,MA,5.2326408279013288,0.75,0.064773577481849989,5,1,0.0013909631009813551,0.12055618287888874,0.080911957103879259,5.7631075473870874,1.6191884888533288,1.3311258696571939,3.7969114116631943,-0.17007969889390484,2,1.4979265794542784,0.99966713366942039,0.13420920314603357
