,ftype,K,d,c1,c2,c3,c4,c5,e11,e12,e21,e22,e31,e32,e41,e42,e51,e52,a1,lb1,ub1,lb2,ub2,rms_err,max_err
0,SMA,5,2,0.752987526286,0.00150402181625,0.090391132522,8.16684124363,0.397392647283,-0.0746542705349,0.0746932455795,-0.956646391917,34.3057505994,0.693812709953,6.68440134325,4.49718692364,1.49754558439,2.31319629358,57.655074263,0.150578008715,0.0440961654561,0.301568599067,0.75,0.99,0.00793455119104,0.0176637885989
