ub0,ub1,rms_err,e31,e30,e11,e10,ftype,c4,lb1,lb0,K,a1,c3,c2,c1,c0,e21,e40,e41,e20,d,e00,e01,max_err
0.2610731573912069,0.98999999999999999,0.025801785998713713,10.908801770674833,1.7815711958913729,2.8341310203292256,-2.9201414616627801,SMA,0.6100073830583127,0.75,0.064773577481849989,5,2.9492671046932193,0.32339702884466881,0.57883425482647444,1.031447343968295e-05,1.1512963824083276e-06,2.3633587645429768,1.9823696180927699,48.995738754084172,2.9103270894423066,2,-3.5520436671887476,22.905765647861625,0.055739328282773393
