,ftype,K,d,c1,c2,c3,c4,c5,e11,e12,e21,e22,e31,e32,e41,e42,e51,e52,a1,lb1,ub1,lb2,ub2,rms_err,max_err
0,SMA,5,2,0.387101214038,0.558345919999,0.927037046393,0.0449085107275,0.00331538902705,-0.0114060353132,0.179242506895,-0.0119403973576,-0.106768015448,4.74775658255,2.49797297314,0.31166904162,0.141703394641,0.299697750723,35.5660901801,0.0111936006186,0.0440961654561,0.301568599067,0.75,0.99,0.00900382279624,0.0182019834373
