,ftype,K,d,c1,c2,c3,c4,c5,e11,e12,e21,e22,e31,e32,e41,e42,e51,e52,a1,lb1,ub1,lb2,ub2,rms_err,max_err
0,SMA,5,2,0.571538542482,0.0249608769117,0.20777508636,23.0894505117,0.190970653697,0.0511056630097,0.606068708056,0.153744414117,37.9182373165,-0.248530600056,-0.269943998937,5.8814429636,4.03802876006,0.521154960547,-0.961514203341,0.108706989133,0.0440961654561,0.301568599067,0.75,0.99,0.00964994075383,0.0198230433444
