ub0,ub1,rms_err,e31,e30,e11,e10,ftype,c4,lb1,lb0,K,a1,c3,c2,c1,c0,e21,e40,e41,e20,d,e00,e01,max_err
0.2610731573912069,0.98999999999999999,0.007127443328852851,0.72749492184008568,0.06756387515925541,1.3556164445413201,4.9461237064450012,SMA,6.8086710007381391e-05,0.75,0.064773577481849989,5,0.066784596433363944,0.18501326163028861,0.060780218405285365,8.1419636886839228,0.72101855812488924,27.580977410494395,-1.6897801560243841,46.109520941857191,1.088282183898182,2,-0.04595238329703337,-0.064135886260410085,0.016131925052605967
