,ftype,K,d,c1,c2,c3,c4,c5,e11,e12,e21,e22,e31,e32,e41,e42,e51,e52,a1,lb1,ub1,lb2,ub2,rms_err,max_err
0,SMA,5,2,0.391455950413,0.227520253464,0.307225904835,9.39913481825,0.0270999577948,-0.0173164229312,0.662744309708,0.367829285966,-0.264020515851,-0.152207939235,-0.276784846166,4.96084523104,2.82191315988,0.270134567326,37.9388892771,0.100657392729,0.0440961654561,0.301568599067,0.75,0.99,0.00895504199742,0.0166906378662
