ub0,ub1,rms_err,e31,e30,e11,e10,ftype,c4,lb1,lb0,K,a1,c3,c2,c1,c0,e21,e40,e41,e20,d,e00,e01,max_err
0.2610731573912069,0.98999999999999999,0.011554665879849461,63.461766637778133,-1.1045061929415925,29.42271394602767,3.7732855900878377,SMA,8.9354076557361974,0.75,0.064773577481849989,5,1.4468743298965101,0.0055717761329779174,0.0020500511131420311,8.0245715263797557,0.024895751545623419,16.655492049504623,4.2766593899562224,2.3922910228422394,-1.6694381417529174,2,-0.79137618664035791,1.9612801625361653,0.035477924967032948
